RANK,FULL NAME,TEAM,POS,AGE,GP,MPG,MIN%Minutes PercentagePercentage of team minutes used by a player while he was on the floor,"USG%Usage RateUsage rate, a.k.a., usage percentage is an estimate of the percentage of team plays used by a player while he was on the floor",Tor%Turnover RateA metric that estimates the number of turnovers a player commits per 100 possessions,FTA,FT%,2PA,2P%,3PA,3P%,"eFG%Effective Shooting PercentageWith eFG%, three-point shots made are worth 50% more than two-point shots made. eFG% Formula=(FGM+ (0.5 x 3PM))/FGA","TS%True Shooting PercentageTrue shooting percentage is a measure of shooting efficiency that takes into account field goals, 3-point field goals, and free throws.",PPGPointsPoints per game.,RPGReboundsRebounds per game.,TRB%Total Rebound PercentageTotal rebound percentage is estimated percentage of available rebounds grabbed by the player while the player is on the court.,APGAssistsAssists per game.,AST%Assist PercentageAssist percentage is an estimated percentage of teammate field goals a player assisted while the player is on the court,SPGStealsSteals per game.,BPGBlocksBlocks per game.,TOPGTurnoversTurnovers per game.,"VIVersatility IndexVersatility index is a metric that measures a playerâ€™s ability to produce in points, assists, and rebounds. The average player will score around a five on the index, while top players score above 10",ORTGOffensive RatingIndividual offensive rating is the number of points produced by a player per 100 total individual possessions.,DRTGDefensive RatingIndividual defensive rating estimates how many points the player allowed per 100 possessions he individually faced while staying on the court.
,Alex Abrines,Okc,G,25.69,31,19,39.5,12.2,7.9,13,0.923,30,0.5,127,0.323,0.487,0.507,5.3,1.5,4.2,0.6,4.3,0.55,0.19,0.45,3.5,103.1,103.9
,Quincy Acy,Pho,F,28.51,10,12.3,25.6,9.2,15.2,10,0.7,3,0.667,15,0.133,0.278,0.379,1.7,2.5,11.3,0.8,8.2,0.1,0.4,0.4,4.9,87.1,98.5
,Jaylen Adams,Atl,G,22.93,34,12.6,26.2,13.5,19.7,9,0.778,36,0.361,74,0.338,0.459,0.474,3.2,1.8,7.5,1.9,20.2,0.38,0.15,0.82,7,99.5,108.1
,Steven Adams,Okc,C,25.73,80,33.4,69.5,16.4,12.8,292,0.5,807,0.596,2,0,0.595,0.591,13.9,9.5,14.7,1.6,6.6,1.49,0.96,1.73,7.1,119.9,102.7
,Bam Adebayo,Mia,C-F,21.73,82,23.3,48.6,15.8,17.1,226,0.735,471,0.588,15,0.2,0.579,0.623,8.9,7.3,16.6,2.2,14.2,0.88,0.79,1.48,9,120,97.2
,Deng Adel,Cle,F,22.19,19,10.2,21.3,9.9,13.7,4,1,13,0.385,23,0.261,0.389,0.424,1.7,1,5.4,0.3,3.4,0.05,0.21,0.32,3.1,85.3,115.7
,DeVaughn Akoon-Purcell,Den,G-F,25.85,7,3.1,6.4,25.5,15.5,2,0.5,6,0.5,4,0,0.3,0.322,1,0.6,10,0.9,37.9,0.29,0,0.29,10.5,,
,LaMarcus Aldridge,San,F,33.73,81,33.2,69.1,27,8.8,412,0.847,1277,0.528,42,0.238,0.522,0.576,21.3,9.2,15.1,2.4,11.6,0.54,1.32,1.78,9.4,117.8,106.4
,Rawle Alkins,Chi,G,21.45,10,12,25.1,19,15.3,12,0.667,27,0.37,12,0.25,0.372,0.418,3.7,2.6,11.7,1.3,15.2,0.1,0,0.8,7.7,93.4,112.5
,Grayson Allen,Uta,G,23.51,38,11,22.8,24.4,13.9,60,0.75,79,0.443,99,0.323,0.466,0.516,5.6,0.6,3.1,0.7,8.9,0.13,0.16,0.87,4.8,94.8,100.8
,Jarrett Allen,Bro,C,20.97,80,26.2,54.6,15.9,13.1,278,0.709,523,0.629,45,0.133,0.595,0.632,10.9,8.4,16.9,1.4,7.9,0.54,1.5,1.3,7.7,123.8,101.5
,Kadeem Allen,Nyk,G,26.24,19,21.9,45.6,19.6,14.2,54,0.778,104,0.462,36,0.472,0.525,0.577,9.9,2.7,6.4,4,28.8,0.84,0.21,1.42,8.7,116.2,105.7
,Al-Farouq Aminu,Por,F,28.55,81,28.3,58.9,13.7,9.7,173,0.867,313,0.514,280,0.343,0.514,0.568,9.4,7.5,14.2,1.3,6,0.84,0.41,0.89,6.4,118.3,105.1
,Justin Anderson,Atl,G-F,25.39,48,9.7,20.1,17.1,11.8,35,0.743,80,0.5,77,0.312,0.484,0.516,3.7,1.8,9.6,0.5,6.9,0.46,0.27,0.48,6.2,103.1,106.9
,Kyle Anderson,Mem,F,25.56,43,29.8,62.1,12.6,16,64,0.578,242,0.583,34,0.265,0.56,0.569,8,5.9,11,3,15,1.26,0.86,1.35,7,110.8,102.3
,Ryan Anderson,Pho,F,30.93,15,18.5,38.6,12.1,15.4,14,0.786,26,0.462,34,0.206,0.375,0.423,3.7,3,9,1.1,8.1,0.2,0.07,0.8,5,91.8,112.9
,Ryan Anderson,Mia,F,30.93,10,4.4,9.1,11.7,16.8,2,0.5,3,0,6,0.333,0.333,0.354,0.7,0.9,11,0.2,5.9,0.1,0,0.2,4.6,86.6,108.3
,Ike Anigbogu,Ind,C,20.47,3,2.1,4.3,28.2,25,0,0,3,0,0,0,0,0,0,1,26.8,0.3,18.8,0,0.33,0.33,0,,
,Giannis Antetokounmpo,Mil,F,24.35,72,32.8,68.2,32.3,14.7,686,0.729,1045,0.64,203,0.256,0.599,0.643,27.7,12.5,19.4,5.9,30.3,1.26,1.53,3.71,15.5,121.6,93.9
,Kostas Antetokounmpo,Dal,F,21.39,2,5.3,11,23.4,17.4,4,0.5,3,0,0,0,0,0.21,1,0.5,5,0,0,1,0,0.5,0,39.1,105.1
,Carmelo Anthony,Hou,F,34.87,10,29.4,61.3,20.5,5.8,22,0.682,57,0.491,64,0.328,0.492,0.513,13.4,5.4,10.1,0.5,2.6,0.4,0.7,0.8,4.5,103.7,103.4
,OG Anunoby,Tor,F,21.74,67,20.2,42,15.5,11.3,62,0.581,202,0.574,202,0.332,0.536,0.544,7,2.9,7.8,0.7,4.7,0.69,0.33,0.82,4.8,104.7,101.3
,Ryan Arcidiacono,Chi,G,25.04,81,24.2,50.4,11.7,11.8,102,0.873,201,0.527,218,0.372,0.543,0.586,6.7,2.7,6.1,3.3,19,0.8,0.06,0.77,6.5,121.3,108.4
,Trevor Ariza,Pho,F,33.78,26,34,70.8,13.8,13.7,43,0.837,88,0.409,139,0.36,0.489,0.525,9.9,5.6,9.1,3.3,13.5,1.46,0.31,1.5,6.7,104.5,113.7
,Trevor Ariza,Was,F,33.78,43,34.1,71,18.2,10.5,121,0.777,214,0.528,295,0.322,0.502,0.538,14.1,5.2,8.3,3.8,15.5,1.23,0.3,1.53,7.7,109,111.5
,D.J. Augustin,Orl,G,31.42,81,28,58.4,17.2,14.3,209,0.866,366,0.511,311,0.421,0.566,0.616,11.7,2.5,4.8,5.3,26.9,0.64,0.05,1.58,7.7,122.7,108.7
,Deandre Ayton,Pho,C,20.72,71,30.7,64,21.2,11.7,189,0.746,866,0.588,4,0,0.585,0.608,16.3,10.3,18.5,1.8,9.6,0.87,0.94,1.77,8.7,117.7,106.6
,Dwayne Bacon,Cha,G-F,23.61,43,17.6,36.8,16.8,6.1,46,0.739,170,0.494,87,0.437,0.549,0.57,7.3,2.1,6.3,1.1,9.2,0.28,0.12,0.42,5.8,114.3,107.2
,Marvin Bagley III,Sac,F,20.08,62,25.3,52.7,24.2,10.7,262,0.691,610,0.534,96,0.313,0.525,0.562,14.9,7.6,15.5,1,5.9,0.53,0.95,1.58,7.6,111.1,106.4
,Ron Baker,Nyk,G,26.03,11,9.7,20.2,8.7,13.9,6,0.833,7,0.429,9,0.111,0.281,0.376,1.3,0.7,3.9,1.2,16.2,0.36,0,0.27,4.2,94.7,102.6
,Ron Baker,Was,G,26.03,4,11.4,23.6,5.6,33.3,0,0,0,0,4,0,0,0,0,1,4.8,0.5,5.1,0.25,0.25,0.5,0,20.2,115
,Wade Baldwin IV,Por,G,23.03,16,5.9,12.2,23.4,27,11,0.727,24,0.333,9,0.222,0.333,0.396,1.9,0.9,8.5,0.8,16.7,0.06,0.13,0.88,7.5,73.6,102.4
,Lonzo Ball,Lal,G,21.46,47,30.3,63.1,16.9,17.8,48,0.417,228,0.482,228,0.329,0.488,0.487,9.9,5.3,9.1,5.4,23.8,1.47,0.4,2.19,8.7,100.6,104.3
,Mo Bamba,Orl,C,20.92,47,16.3,34,17.8,13.7,63,0.587,173,0.555,70,0.3,0.525,0.539,6.2,4.9,16.2,0.8,7.4,0.28,1.36,0.91,7.1,105.7,95.9
,J.J. Barea,Dal,G,34.79,38,19.8,41.2,28.1,14.7,78,0.705,257,0.479,128,0.297,0.468,0.495,10.9,2.5,6.8,5.6,47.6,0.58,0,1.89,10.8,105.1,107.2
,Harrison Barnes,Dal,F,26.86,49,32.3,67.3,23.7,7.8,198,0.833,406,0.416,311,0.389,0.489,0.538,17.7,4.2,7,1.3,6.3,0.67,0.22,1.39,5.7,106,109.5
,Harrison Barnes,Sac,F,26.86,28,33.9,70.6,16.3,8,80,0.8,179,0.492,130,0.408,0.542,0.58,14.3,5.5,8.3,1.9,7.5,0.61,0.07,1.07,6.3,115,111.7
,Will Barton,Den,G,28.26,43,27.7,57.6,20,11.7,74,0.77,264,0.447,196,0.342,0.475,0.501,11.5,4.6,9.1,2.9,14.4,0.42,0.51,1.51,7.7,102.3,106.4
,Keita Bates-Diop,Min,F,23.21,30,16.8,35,14.1,8.3,28,0.643,90,0.522,52,0.25,0.468,0.489,5,2.8,8.8,0.6,4.6,0.6,0.47,0.47,4.8,100.7,110.4
,Nicolas Batum,Cha,G-F,30.32,75,31.4,65.4,13.2,16.3,89,0.865,265,0.517,298,0.389,0.552,0.58,9.3,5.2,8.9,3.3,14.6,0.95,0.57,1.56,6.9,112.6,109.4
,Jerryd Bayless,Min,G,30.64,34,19.3,40.3,17.5,11.7,28,0.571,132,0.402,98,0.296,0.42,0.431,6.1,1.9,5.1,3.5,24.6,0.53,0.06,0.94,7.1,98.6,109.6
,Aron Baynes,Bos,F-C,32.34,51,16.1,33.5,15.2,13.8,62,0.855,162,0.519,61,0.344,0.518,0.567,5.6,4.7,15.6,1.1,9.3,0.24,0.67,0.78,7.6,118.7,95.4
,Kent Bazemore,Atl,G,29.78,67,24.5,51.1,22,13.6,176,0.722,391,0.465,300,0.32,0.472,0.507,11.6,3.9,8.3,2.3,13.5,1.33,0.63,1.81,7.7,98.2,106.3
,Bradley Beal,Was,G,25.79,82,36.9,76.9,28.4,11,448,0.808,1012,0.548,596,0.351,0.54,0.581,25.6,5,7.3,5.5,24.1,1.5,0.7,2.72,9.6,113.6,110.2
,Malik Beasley,Den,G,22.37,81,23.2,48.3,18.7,6.7,66,0.848,333,0.559,405,0.402,0.583,0.598,11.3,2.5,5.8,1.2,7.5,0.68,0.12,0.68,5.6,117.1,107.8
,Michael Beasley,Lal,F,30.25,26,10.7,22.2,29.4,13.7,39,0.718,136,0.529,17,0.176,0.5,0.532,7,2.3,11.2,1,14.7,0.35,0.38,1.04,9.4,98.8,96.9
,Marco Belinelli,San,G-F,33.05,79,23,47.9,19.8,8.7,124,0.903,295,0.468,395,0.372,0.52,0.557,10.5,2.5,5.9,1.7,10.1,0.44,0.1,0.9,6.2,108.7,108.5
,Jordan Bell,Gol,F,24.26,68,11.6,24.2,13.7,16.7,41,0.61,190,0.521,2,0,0.516,0.531,3.3,2.7,12.5,1.1,12.4,0.26,0.76,0.62,7.4,110,103
,DeAndre' Bembry,Atl,F,24.77,82,23.6,49.1,17.2,17.3,136,0.64,444,0.507,173,0.289,0.486,0.508,8.4,4.4,9.8,2.5,14.7,1.28,0.51,1.73,7.7,97.2,106.2
,Dragan Bender,Pho,F,21.4,46,18,37.4,13.4,14.4,54,0.593,96,0.688,101,0.218,0.503,0.521,5,4,12.3,1.2,9.4,0.39,0.5,0.8,6.4,102.8,107.2
,Davis Bertans,San,F,26.41,76,21.5,44.7,14.1,8.2,60,0.883,115,0.513,338,0.429,0.61,0.632,8,3.5,8.8,1.3,8.2,0.46,0.43,0.57,6.2,121.9,105.4
,Dairis Bertans,Nor,G,29.59,12,13.9,29,12,4.1,0,0,13,0.154,34,0.294,0.362,0.362,2.8,0.8,2.8,0.8,7.2,0.08,0,0.17,3.5,85.6,116.3
,Patrick Beverley,Lac,G,30.75,78,27.4,57.1,12.1,14,123,0.78,194,0.423,281,0.399,0.526,0.563,7.6,4.9,9.6,3.9,18.5,0.86,0.55,1.1,7.7,119,101.7
,Khem Birch,Orl,C,26.53,50,12.9,26.8,14,9.2,83,0.699,150,0.607,1,0,0.603,0.64,4.8,3.8,15.7,0.8,8.5,0.36,0.6,0.38,7.6,135.8,98.9
,Bismack Biyombo,Cha,C,26.62,54,14.5,30.2,12.7,14.7,91,0.637,157,0.567,0,0,0.567,0.599,4.4,4.6,17.1,0.6,5.9,0.19,0.76,0.63,6.3,122,100.5
,Nemanja Bjelica,Sac,F,30.92,77,23.2,48.4,16.5,11.5,92,0.761,336,0.539,257,0.401,0.566,0.585,9.6,5.8,12.8,1.9,11.1,0.7,0.71,1.06,8.2,117.2,102.9
,Antonio Blakeney,Chi,G,22.52,57,14.5,30.3,24.5,7.5,76,0.658,305,0.426,91,0.396,0.465,0.487,7.3,1.9,6.9,0.7,8.2,0.21,0.16,0.61,5.9,94.6,113.2
,Eric Bledsoe,Mil,G,29.34,78,29.1,60.7,22.9,13.3,236,0.75,595,0.582,377,0.329,0.547,0.577,15.9,4.6,8.1,5.5,27.4,1.51,0.37,2.12,10.1,115.8,101
,Jaron Blossomgame,Cle,F,25.57,27,16.3,33.9,12.3,8.9,13,0.769,68,0.544,39,0.256,0.486,0.506,4.2,3.6,12.4,0.5,4.2,0.26,0.3,0.41,4.8,107.8,115.3
,Bojan Bogdanovic,Ind,F,29.98,81,31.8,66.2,22.4,10.2,305,0.807,664,0.539,386,0.425,0.575,0.614,18,4.1,7.2,2,9.5,0.86,0.01,1.67,6.6,114.3,106.1
,Bogdan Bogdanovic,Sac,G,26.64,70,27.8,58,22.3,11.1,162,0.827,491,0.462,372,0.36,0.496,0.53,14.1,3.5,6.4,3.8,19.3,1.03,0.21,1.67,8.2,106.9,108.7
,Andrew Bogut,Gol,C,34.37,11,12.2,25.5,14.4,17.7,3,1,36,0.5,0,0,0.5,0.523,3.5,5,21.8,1,10.5,0.27,0.73,0.73,8.5,107.8,91.6
,Jonah Bolden,Phi,F,23.27,44,14.5,30.2,13.8,17.2,27,0.481,66,0.697,96,0.354,0.599,0.595,4.7,3.8,13.7,0.9,8.5,0.39,0.89,0.82,7,111.4,96.2
,Isaac Bonga,Lal,G,19.42,22,5.5,11.4,15.7,13.2,15,0.6,25,0.2,8,0,0.152,0.24,0.9,1.1,10.8,0.7,14.9,0.41,0.18,0.27,6.4,73.2,103.5
,Devin Booker,Pho,G,22.44,64,35,73,32.9,15.4,454,0.866,841,0.536,414,0.326,0.521,0.584,26.6,4.1,6.5,6.8,34.1,0.88,0.2,4.13,10.3,109.4,111.8
,Chris Boucher,Tor,F,26.25,28,5.8,12.1,23.6,7.8,15,0.867,39,0.564,37,0.324,0.526,0.563,3.3,2,18.5,0.1,1.9,0.21,0.86,0.25,6,112.8,87.3
,Avery Bradley,Lac,G,28.37,49,29.9,62.2,14.2,12.4,25,0.8,248,0.415,172,0.337,0.452,0.464,8.2,2.7,4.7,2,8.8,0.55,0.33,1.24,4.7,93.6,108.1
,Avery Bradley,Mem,G,28.37,14,31.6,65.8,23,12.7,25,0.92,115,0.513,73,0.384,0.537,0.565,16.1,3.2,5.7,4,21.6,1,0,2.07,7.5,107.1,106.5
,Tony Bradley,Uta,C,21.17,3,12,24.9,23.7,15.1,2,0.5,16,0.5,0,0,0.5,0.504,5.7,5,22.6,0.3,4.5,0.67,0.67,1,6.8,106.5,89.6
,Corey Brewer,Phi,G-F,33.1,7,19.9,41.5,18.8,12.8,13,0.692,35,0.457,14,0.286,0.449,0.484,7.6,2.4,6.4,1.4,10,1.71,0.29,1.14,5.9,96,99.2
,Corey Brewer,Sac,G-F,33.1,24,14.7,30.6,11.5,11.2,30,0.733,44,0.523,30,0.333,0.514,0.562,4.1,2.5,8.6,1.2,10.3,0.83,0.21,0.46,6.3,121,101.1
,Miles Bridges,Cha,F,21.06,80,21.2,44.2,15.1,8.6,77,0.753,311,0.553,200,0.325,0.527,0.548,7.5,4.1,10.3,1.2,8.1,0.68,0.61,0.64,6.3,111.5,108.2
,Mikal Bridges,Pho,F,22.61,82,29.5,61.4,12.2,10.2,118,0.805,250,0.548,313,0.335,0.523,0.556,8.3,3.2,6.1,2.1,9.8,1.55,0.46,0.85,5.2,112.1,111.3
,Isaiah Briscoe,Orl,G,22.99,39,14.3,29.9,14.1,17.2,26,0.577,104,0.423,34,0.324,0.438,0.455,3.5,1.9,7.1,2.2,21,0.28,0.05,0.79,6.8,96.3,100.1
,Ryan Broekhoff,Dal,G-F,28.63,42,10.8,22.5,14.3,10.6,19,0.789,33,0.576,94,0.404,0.598,0.617,4,1.5,7.4,0.5,7.1,0.14,0.1,0.38,5.3,115.8,106.7
,Malcolm Brogdon,Mil,G,26.33,64,28.6,59.6,20.7,10.2,152,0.928,503,0.545,244,0.426,0.576,0.615,15.6,4.5,8,3.2,16.2,0.72,0.19,1.44,8.5,120.9,104.1
,Dillon Brooks,Mem,G-F,23.22,18,18.3,38.2,20.9,12.3,30,0.733,82,0.415,40,0.375,0.463,0.499,7.5,1.7,5.3,0.9,7.6,0.56,0.22,1.06,4.9,94.2,98.5
,MarShon Brooks,Mem,G,30.21,29,13.3,27.8,23.6,10.3,33,0.697,115,0.53,54,0.278,0.494,0.518,6.6,1.6,6.5,0.9,11,0.31,0.14,0.72,6.4,99,106
,Troy Brown Jr.,Was,F,19.7,52,14,29.2,16.5,10.5,47,0.681,165,0.455,69,0.319,0.462,0.487,4.8,2.8,10.8,1.5,14.9,0.4,0.1,0.58,7.8,105,109.4
,Bruce Brown,Det,G,22.65,74,19.6,40.8,11.5,11.9,60,0.75,222,0.455,93,0.258,0.435,0.467,4.3,2.5,7,1.2,8.8,0.54,0.49,0.62,4.8,100.7,100.4
,Jaylen Brown,Bos,F,22.46,74,25.9,53.9,22.1,10.1,202,0.658,516,0.529,276,0.344,0.525,0.547,13,4.2,8.7,1.4,7.7,0.95,0.43,1.34,6.6,104.7,101.9
,Lorenzo Brown,Tor,G,28.63,26,8.2,17,17.9,18.1,3,1,43,0.395,28,0.214,0.366,0.38,2.1,1.2,7.6,1.1,17.3,0.46,0.19,0.62,6.9,81.8,99.4
,Sterling Brown,Mil,G,24.16,58,17.8,37.2,15.2,12,42,0.69,165,0.558,147,0.361,0.55,0.563,6.4,3.2,9,1.4,10.7,0.43,0.14,0.78,6.9,109.6,100.4
,Jalen Brunson,Dal,G,22.61,73,21.8,45.4,19.1,12.5,120,0.725,384,0.523,181,0.348,0.523,0.549,9.3,2.3,5.7,3.2,22.6,0.51,0.05,1.21,7.5,110.4,106.7
,Thomas Bryant,Was,C,21.7,72,20.8,43.3,17.7,9.6,137,0.781,404,0.683,99,0.333,0.647,0.673,10.5,6.3,16.5,1.3,9.3,0.35,0.93,0.83,8.5,130.5,106.9
,Reggie Bullock,Det,F,28.07,44,30.8,64.1,16.7,10.3,64,0.875,147,0.463,294,0.388,0.542,0.569,12.1,2.8,5,2.5,12.1,0.55,0.11,1.23,5.7,113,108.7
,Reggie Bullock,Lal,G-F,28.07,19,27.6,57.5,13.7,6.3,21,0.81,54,0.537,99,0.343,0.523,0.545,9.3,2.6,4.9,1.1,5,0.84,0.37,0.58,4.3,107.6,109.1
,Trey Burke,Nyk,G,26.41,33,20.9,43.5,26.1,6.9,75,0.827,272,0.434,86,0.349,0.455,0.496,11.8,1.8,4.6,2.8,23.6,0.64,0.15,0.88,7.5,106,114.1
,Trey Burke,Dal,G,26.41,25,17.4,36.3,23,8.6,49,0.837,117,0.53,74,0.351,0.529,0.572,9.7,1.5,4.5,2.6,24.8,0.48,0.08,0.8,7.7,118.9,109.8
,Alec Burks,Uta,G,27.73,17,15.8,33,23.1,10.3,38,0.868,71,0.437,43,0.372,0.482,0.547,8.4,1.6,5.6,1.2,11.2,0.35,0.24,0.88,6.4,106.4,102.4
,Alec Burks,Cle,G,27.73,34,28.8,60,19.2,10.7,98,0.806,221,0.412,119,0.378,0.466,0.517,11.6,5.5,10.5,2.9,15,0.74,0.47,1.35,7.9,107.3,112.7
,Alec Burks,Sac,G,27.73,13,9.7,20.3,8.6,15.3,5,0.8,14,0.643,6,0,0.45,0.495,1.7,1.7,9,0.8,9.6,0.62,0.08,0.31,5.5,103.4,107.5
,Deonte Burton,Okc,G,25.19,32,7.5,15.6,16.3,9.3,12,0.667,55,0.455,27,0.296,0.451,0.47,2.6,0.9,6,0.3,5,0.19,0.25,0.28,4.7,94.4,99.3
,Jimmy Butler,Min,G-F,29.57,10,36.1,75.3,23,7.1,61,0.787,112,0.509,45,0.378,0.525,0.579,21.3,5.2,7.7,4.3,18.2,2.4,1,1.4,8.7,121.7,110.4
,Jimmy Butler,Phi,G-F,29.57,55,33.2,69.1,22.1,8.3,304,0.868,600,0.49,147,0.34,0.494,0.569,18.2,5.3,8.4,4,18,1.8,0.53,1.45,8.8,120.8,107.4
,Bruno Caboclo,Mem,F,23.55,34,23.5,49,15.9,13.3,50,0.84,95,0.505,130,0.369,0.533,0.571,8.3,4.6,11.1,1.5,9.4,0.41,0.97,1.12,6.6,110.3,102.6
,Jose Calderon,Det,G,37.54,48,13.2,27.4,10.9,21.9,11,0.818,63,0.492,57,0.246,0.433,0.453,2.4,1.3,5.2,2.4,24.9,0.33,0.06,0.73,5.9,102.7,103.4
,Kentavious Caldwell-Pope,Lal,G,26.14,82,24.8,51.7,18.2,7.3,158,0.867,321,0.542,436,0.346,0.529,0.567,11.4,2.9,6,1.3,7.5,0.89,0.16,0.79,5.6,112.8,107.7
,Isaiah Canaan,Pho,G,27.89,19,26.4,55.1,14.3,17.4,20,0.75,57,0.456,72,0.347,0.492,0.515,7.5,2.6,5.4,3.3,17,0.63,0,1.53,6.1,99.8,112
,Isaiah Canaan,Min,G,27.89,7,13.6,28.2,15.4,11.5,4,1,10,0.4,19,0.368,0.5,0.536,4.7,0.7,2.8,2.7,26.9,0.29,0.14,0.57,6.1,117.2,115.3
,Isaiah Canaan,Mil,G,27.89,4,7.6,15.9,11,25,0,0,1,0,5,0.4,0.5,0.5,1.5,1,6.7,0.8,11.8,0,0.25,0.5,5.6,95.3,105.1
,Clint Capela,Hou,C,24.9,67,33.6,69.9,18.1,9.9,261,0.636,732,0.648,0,0,0.648,0.658,16.6,12.6,20.8,1.4,7.1,0.66,1.52,1.39,7.9,134.3,104
,DeMarre Carroll,Bro,F,32.71,67,25.4,53,18.6,9.7,242,0.76,264,0.458,311,0.341,0.487,0.546,11.1,5.2,10.7,1.3,7.2,0.45,0.15,1.09,6.6,110.2,105.7
,Wendell Carter Jr.,Chi,F,19.99,44,25.2,52.5,19.1,13.6,112,0.795,338,0.515,32,0.188,0.495,0.543,10.3,7,15,1.8,10.7,0.59,1.34,1.5,8,107.9,100.7
,Jevon Carter,Mem,G,23.57,39,14.8,30.8,18,14.2,32,0.813,83,0.265,102,0.333,0.395,0.432,4.4,1.7,6.4,1.8,17.5,0.67,0.26,0.85,6.4,90.9,103.2
,Vince Carter,Atl,G-F,42.21,76,17.5,36.5,16.7,8.8,66,0.712,152,0.48,316,0.389,0.55,0.565,7.4,2.6,7.7,1.1,9.3,0.58,0.36,0.63,6.3,111.7,107.7
,Michael Carter-Williams,Hou,G,27.5,16,9,18.8,24.7,12.1,26,0.462,42,0.429,19,0.368,0.467,0.476,4.3,0.8,5,1.3,22.7,0.56,0.38,0.63,7.3,99.6,94.8
,Michael Carter-Williams,Orl,G,27.5,12,18.9,39.4,16.1,11.9,27,0.741,43,0.419,19,0.158,0.363,0.44,5.4,4.8,13.4,4.1,28.9,0.92,0.83,0.83,10,111.5,99.5
,Alex Caruso,Lal,G,25.12,25,21.2,44.3,19,17.3,64,0.797,123,0.431,50,0.48,0.514,0.569,9.2,2.7,6.5,3.1,19.7,0.96,0.36,1.68,8,109.6,103.7
,Omri Casspi,Mem,F,30.8,36,14.5,30.1,18,11,58,0.672,118,0.602,43,0.349,0.581,0.606,6.3,3.2,12.4,0.7,8.1,0.56,0.25,0.64,6.7,113.1,104
,Willie Cauley-Stein,Sac,C,25.65,81,27.3,56.9,17.5,9,254,0.551,739,0.556,2,0.5,0.557,0.566,11.9,8.4,15.8,2.4,12.3,1.19,0.63,1.04,9.1,118.5,101.7
,Troy Caupain,Orl,G,23.37,4,3.9,8.1,22.3,0,0,0,5,0.4,3,0.667,0.625,0.625,2.5,0.8,10.3,1,44.1,0.25,0,0,12.9,,
,Tyler Cavanaugh,Uta,F,25.17,11,3.6,7.5,12.9,8.4,2,1,5,0.4,5,0.2,0.35,0.414,0.8,0.7,11,0.1,3.3,0,0,0.09,4.3,,
,Tyson Chandler,Pho,C,36.52,7,12.7,26.5,13,26,18,0.556,12,0.667,0,0,0.667,0.653,3.7,5.6,24.3,0.9,9.1,0.29,0.14,1,8.4,112.3,87.5
,Tyson Chandler,Lal,C,36.52,48,16.4,34.1,8,23,69,0.594,86,0.616,1,0,0.609,0.626,3.1,5.6,17.7,0.6,4.8,0.4,0.5,0.73,5.3,122.7,99.5
,Wilson Chandler,Phi,F,31.92,36,26.4,55,11.2,15.4,18,0.722,89,0.506,118,0.39,0.551,0.561,6.7,4.6,9.3,2,9.9,0.61,0.5,1.08,6,111.2,103.7
,Wilson Chandler,Lac,F,31.92,15,15,31.3,14.2,9.2,7,0.714,26,0.385,40,0.325,0.447,0.463,4.3,3.1,11,0.7,5.9,0.2,0.2,0.47,5.6,94,101
,Joe Chealey,Cha,G,23.44,1,7.8,16.3,16.6,0,0,0,3,0.333,0,0,0.333,0.333,2,0,0,1,18.2,0,0,0,0,86.2,107.5
,Chris Chiozza,Hou,G,23.39,7,4.6,9.7,12,11.1,0,0,3,0,5,0.4,0.375,0.375,0.9,0.6,6.8,0.6,16.4,0.14,0.14,0.14,6,97.6,109.4
,Marquese Chriss,Hou,F,21.78,16,6.5,13.5,20.6,24.4,7,0.857,19,0.526,15,0.067,0.338,0.391,1.8,1.8,14.9,0.4,8.2,0.13,0.25,0.75,6.7,75.8,95.6
,Marquese Chriss,Cle,F,21.78,27,14.6,30.5,20.7,12.9,38,0.684,89,0.461,57,0.263,0.435,0.47,5.7,4.2,16,0.6,6.1,0.56,0.26,0.89,6.7,96.6,99.7
,Gary Clark,Hou,F,24.4,51,12.6,26.2,10.9,4.3,7,1,13,0.692,138,0.297,0.467,0.48,2.9,2.3,10,0.4,3.8,0.39,0.53,0.14,4.4,108.5,106.5
,Ian Clark,Nor,G,28.1,60,16.2,33.8,19.3,12.7,37,0.892,181,0.47,202,0.327,0.48,0.502,6.7,1.5,4.7,1.6,12.9,0.37,0.13,0.97,6.2,97.9,108.5
,Jordan Clarkson,Cle,G,26.84,81,27.3,57,27.6,9.6,192,0.844,735,0.524,445,0.324,0.509,0.539,16.8,3.3,6.8,2.4,15.6,0.69,0.17,1.67,7.5,107.5,116.2
,John Collins,Atl,F-C,21.55,61,30,62.4,23.7,11.2,265,0.766,673,0.609,158,0.348,0.593,0.627,19.5,9.8,17.1,2,10.9,0.36,0.64,1.95,9.7,122.1,106.4
,Zach Collins,Por,F-C,21.39,77,17.6,36.7,16.6,14.3,126,0.746,279,0.534,121,0.331,0.523,0.562,6.6,4.2,12.7,0.9,7.1,0.32,0.86,0.99,6.6,112.2,100.2
,Darren Collison,Ind,G,31.63,76,28.2,58.7,17.7,14.3,190,0.832,465,0.492,194,0.407,0.527,0.574,11.2,3,6,6,29.9,1.45,0.12,1.63,8.3,118.4,104.3
,Bonzie Colson,Mil,F,23.24,8,12.3,25.7,19.5,6.5,9,0.889,18,0.444,21,0.238,0.397,0.454,4.9,3.8,15.5,0.4,4,0.63,0.13,0.38,6.4,100.9,102.6
,Mike Conley,Mem,G,31.5,70,33.5,69.7,27.3,9.1,406,0.845,694,0.483,426,0.364,0.507,0.569,21.1,3.4,5.7,6.4,33.4,1.34,0.31,1.86,9.2,117.1,108.6
,Pat Connaughton,Mil,G,26.26,61,20.7,43.1,13.3,8.2,40,0.725,150,0.647,200,0.33,0.56,0.573,6.9,4.2,10.4,2,12.6,0.54,0.43,0.54,7.5,122.2,102.2
,Quinn Cook,Gol,G,26.05,74,14.3,29.8,20.2,10,26,0.769,239,0.515,200,0.405,0.557,0.565,6.9,2.1,7.9,1.5,15,0.27,0.04,0.68,7.8,110.1,106.2
,DeMarcus Cousins,Gol,C,28.66,30,25.7,53.5,28.1,14.2,144,0.736,276,0.551,95,0.274,0.515,0.562,16.3,8.2,17.1,3.6,20.4,1.33,1.47,2.4,12.2,108.9,93.9
,Robert Covington,Phi,F,28.32,13,33.8,70.5,14.2,14.8,23,0.739,40,0.5,77,0.39,0.556,0.578,11.3,5.2,8.1,1.1,4.3,1.85,1.77,1.69,4.7,102.3,101.2
,Robert Covington,Min,F,28.32,22,34.7,72.2,16.5,8.4,66,0.773,97,0.526,148,0.372,0.545,0.58,14.5,5.7,8.8,1.5,5.8,2.27,1.05,1.14,5.7,114.7,103.3
,Allen Crabbe,Bro,G-F,27,43,26.4,54.9,16.4,10.4,56,0.732,113,0.345,259,0.378,0.5,0.521,9.6,3.4,6.9,1.1,5.8,0.53,0.3,1.07,5,100.5,104.5
,Torrey Craig,Den,F,28.31,75,20,41.8,12.4,9.9,70,0.7,174,0.569,188,0.324,0.526,0.547,5.7,3.5,9.5,1,6.3,0.49,0.61,0.57,5.4,114.6,101.1
,Jamal Crawford,Pho,G,39.06,64,18.9,39.4,20.8,16.9,110,0.845,236,0.453,202,0.332,0.474,0.522,7.9,1.3,3.9,3.6,27.7,0.52,0.19,1.55,7.1,102.5,115.8
,Mitchell Creek,Bro,F,26.95,4,8.9,18.5,15.4,0,7,0.714,9,0.556,1,0,0.5,0.573,3.8,2.5,14.8,1.3,20.5,0.25,0,0,10.4,145.4,104
,Mitchell Creek,Min,F,26.95,1,11.5,24,25.6,14.3,0,0,5,0.6,1,0,0.5,0.5,6,2,9.3,1,14.5,1,0,1,8,96.4,115.1
,Jae Crowder,Uta,F,28.77,80,27.1,56.4,19.1,8.8,197,0.721,276,0.525,522,0.331,0.507,0.537,11.9,4.8,9.6,1.7,8.9,0.8,0.39,1.06,6.8,107.2,100.9
,Dante Cunningham,San,F,31.97,64,14.5,30.2,8.9,11.7,18,0.778,93,0.484,65,0.462,0.57,0.585,3,2.9,11,0.8,6.8,0.41,0.2,0.34,5.3,121.8,105.5
,Seth Curry,Por,G,28.63,74,18.9,39.4,16.6,11.1,52,0.846,214,0.463,251,0.45,0.577,0.595,7.9,1.6,4.6,0.9,6.5,0.47,0.16,0.82,4.8,113.3,108.7
,Stephen Curry,Gol,G,31.07,69,33.8,70.4,30.4,11.6,287,0.916,530,0.525,810,0.437,0.604,0.641,27.3,5.3,8.4,5.2,24.2,1.33,0.38,2.78,10.8,119.9,106.3
,Troy Daniels,Pho,G,27.74,51,14.9,31,17.6,8.7,23,0.783,81,0.481,194,0.381,0.545,0.558,6.2,1.4,5.3,0.5,5,0.51,0.1,0.53,4.4,104.6,110.3
,Anthony Davis,Nor,F-C,26.09,56,33,68.8,29.5,8.5,433,0.794,881,0.547,145,0.331,0.54,0.597,25.9,12,18.9,3.9,19,1.57,2.41,2.02,12.9,122.1,104.5
,Deyonta Davis,Atl,C-F,22.35,9,13.2,27.4,10.1,10.2,10,0.6,21,0.714,1,0,0.682,0.682,4,3.9,15.5,0.6,5.8,0.33,0.56,0.33,6.4,135.4,105.9
,Ed Davis,Bro,C,29.85,81,17.9,37.2,12.7,14.8,162,0.617,300,0.62,2,0,0.616,0.632,5.8,8.6,25.2,0.8,6,0.43,0.41,0.8,7.6,129.1,91.4
,Tyler Davis,Okc,C,21.89,1,0.9,1.9,45.2,0,0,0,1,0,0,0,0,0,0,1,57.4,0,0,0,0,0,0,,
,Dewayne Dedmon,Atl,C,29.66,64,25.1,52.4,16.7,12.7,113,0.814,309,0.57,217,0.382,0.571,0.602,10.8,7.5,15.7,1.4,8.1,1.08,1.13,1.31,7.7,115.4,101.1
,Sam Dekker,Cle,F,24.93,9,18.8,39.2,14.8,8.7,10,0.8,35,0.486,13,0.385,0.51,0.544,6.3,3.7,10.8,1,7.8,1.22,0,0.56,6.1,114.1,109.2
,Sam Dekker,Was,F,24.93,38,16.3,33.9,16.6,7.8,36,0.556,159,0.528,49,0.286,0.505,0.514,6.1,3,10,1,8.4,0.74,0.18,0.5,6.5,108.7,111.8
,Angel Delgado,Lac,C,24.39,2,7.4,15.4,16.8,0,2,0.5,5,0.2,0,0,0.2,0.255,1.5,2,14.3,0,0,0.5,0,0,0,79.2,98.9
,Matthew Dellavedova,Mil,G,28.59,12,8.1,16.9,13.7,34.6,4,1,8,0.25,11,0.364,0.421,0.482,1.7,0.8,5.2,2.4,35.6,0.17,0,0.92,7.3,99.2,101.1
,Matthew Dellavedova,Cle,G,28.59,36,19.9,41.4,18.4,18.9,48,0.792,104,0.5,119,0.336,0.502,0.537,7.3,1.9,5.2,4.2,31.3,0.33,0.06,1.58,7.8,107.8,112.1
,Luol Deng,Min,F,33.99,22,17.8,37.1,15.8,9.5,35,0.714,74,0.608,44,0.318,0.559,0.588,7.1,3.3,9.8,0.8,6.5,0.68,0.36,0.64,6,116.8,109.8
,DeMar DeRozan,San,G,29.68,77,34.9,72.7,27.9,11.6,439,0.831,1268,0.492,45,0.156,0.483,0.542,21.2,6,9.4,6.2,27.6,1.12,0.47,2.57,10.6,110,106.4
,Marcus Derrickson,Gol,F,23.19,11,6.1,12.7,24.3,7.9,5,0.8,13,0.462,20,0.5,0.636,0.653,4.2,1.2,10.3,0.1,2.2,0,0.09,0.27,5.2,124,103.7
,Cheick Diallo,Nor,F,22.57,64,14,29.2,16,14,67,0.746,267,0.625,4,0.25,0.622,0.644,6,5.2,19.2,0.5,5.1,0.45,0.52,0.77,7.1,119.4,99.2
,Hamidou Diallo,Okc,G,20.7,51,10.3,21.5,16.6,10.7,59,0.61,141,0.504,24,0.167,0.467,0.497,3.7,1.9,9.5,0.3,4.4,0.41,0.2,0.45,5,102.8,96.4
,Gorgui Dieng,Min,C,29.23,76,13.6,28.3,19.6,11.9,106,0.83,321,0.53,56,0.339,0.527,0.572,6.4,4.1,16.1,0.9,10.3,0.62,0.54,0.75,8.4,114.4,99.4
,Spencer Dinwiddie,Bro,G,26.01,68,28.1,58.6,24.9,13.3,356,0.806,458,0.528,370,0.335,0.517,0.58,16.8,2.4,4.6,4.6,25.6,0.59,0.25,2.22,8.1,114.2,104.9
,Donte DiVincenzo,Mil,G,22.19,27,15.2,31.7,15.1,12.8,12,0.75,41,0.683,83,0.265,0.492,0.507,4.9,2.4,8,1.1,9.7,0.48,0.22,0.7,6.2,102.2,99.9
,Luka Doncic,Dal,G-F,20.12,72,32.2,67.1,30.5,14.9,485,0.713,672,0.503,515,0.326,0.497,0.545,21.2,7.8,13,6,31.6,1.08,0.35,3.42,12.4,106.9,105.1
,Tyler Dorsey,Atl,G,23.15,27,9.3,19.3,17.9,9.1,26,0.615,50,0.44,39,0.256,0.416,0.448,3.3,1.6,9,0.6,9.3,0.26,0.04,0.37,6.3,95.7,110.5
,Tyler Dorsey,Mem,G,23.15,21,21.3,44.4,20.7,8.2,35,0.629,82,0.5,93,0.366,0.526,0.541,9.8,3.3,8.7,1.9,14.2,0.38,0.05,0.81,7.4,108.7,106.7
,Damyean Dotson,Nyk,G,24.93,73,27.4,57.2,17.3,8.7,98,0.745,356,0.461,342,0.368,0.506,0.526,10.7,3.6,6.8,1.8,10.4,0.79,0.14,0.97,6,105.4,110.7
,PJ Dozier,Bos,G-F,22.46,6,8.5,17.6,18.6,0,2,0.5,13,0.462,8,0.25,0.429,0.434,3.2,2.8,17.9,0.8,13.8,0.33,0,0,9.1,112.8,105.6
,Goran Dragic,Mia,G,32.93,36,27.5,57.3,23.7,13,101,0.782,269,0.454,163,0.35,0.48,0.518,13.7,3.1,6,4.8,27.3,0.83,0.14,1.97,8.6,106.6,104.5
,Andre Drummond,Det,C,25.67,79,33.5,69.8,23,12.4,412,0.59,1016,0.547,38,0.132,0.535,0.555,17.3,15.6,25.5,1.4,7.2,1.73,1.76,2.22,8.6,113.1,95.5
,Jared Dudley,Bro,F,33.75,59,20.7,43.1,10.4,14.2,46,0.696,88,0.545,151,0.351,0.533,0.554,4.9,2.6,6.7,1.4,9.2,0.61,0.27,0.73,5,110.2,102.7
,Kris Dunn,Chi,G,25.07,46,30.2,62.9,20.1,16.2,69,0.797,410,0.441,96,0.354,0.458,0.484,11.3,4.1,7.3,6,30,1.48,0.46,2.26,8.6,98.9,103.2
,Kevin Durant,Gol,F,30.53,78,34.6,72.2,29,12.2,506,0.885,995,0.587,388,0.353,0.571,0.631,26,6.4,9.8,5.9,26.2,0.76,1.08,2.87,11.5,120.9,107.9
,Trevon Duval,Mil,G,20.69,3,1.9,3.9,22.4,0,0,0,2,0.5,1,1,0.833,0.833,1.7,0.3,9.1,0.7,66,0,0,0,14.9,,
,Vincent Edwards,Hou,F,23.01,2,7.9,16.4,11.1,0,0,0,0,0,4,0.25,0.375,0.375,1.5,1,7,0,0,0,0,0,0,95.6,118.8
,Henry Ellenson,Det,F,22.24,2,12.4,25.8,18.9,0,2,1,6,0.333,4,0.5,0.5,0.551,6,4.5,19.8,0.5,6.3,0,0,0,7.7,120.1,100
,Henry Ellenson,Nyk,F,22.24,17,13.8,28.7,19,8.6,23,0.739,51,0.392,34,0.441,0.5,0.536,6,3.4,12.7,0.9,10,0.41,0.12,0.53,7.6,107.7,103.3
,Wayne Ellington,Mia,G,31.37,25,21.3,44.4,16.5,6.8,16,0.875,29,0.414,155,0.368,0.53,0.547,8.4,1.9,4.7,1.2,7.8,0.96,0.12,0.56,5,110.3,104.8
,Wayne Ellington,Det,G,31.37,28,27.3,56.9,17.7,8.3,33,0.758,56,0.607,217,0.373,0.57,0.584,12,2.1,4.3,1.5,8.6,1.07,0.11,0.93,4.9,113.9,106.4
,Joel Embiid,Phi,F-C,25.07,64,33.7,70.1,33.3,13.3,649,0.804,936,0.535,263,0.3,0.517,0.593,27.5,13.6,21.4,3.7,18.4,0.72,1.91,3.55,13.2,113.7,98.7
,James Ennis III,Hou,F,28.78,40,23.7,49.4,11.9,9.2,58,0.724,91,0.659,120,0.367,0.597,0.622,7.4,2.9,6.8,0.7,4.1,0.95,0.4,0.6,4.2,123.6,103.2
,James Ennis III,Phi,F,28.78,18,15.6,32.5,15.5,10.6,23,0.696,47,0.489,36,0.306,0.476,0.51,5.3,3.6,12.2,0.8,6.7,0.17,0.44,0.61,6.4,108.7,99.8
,Drew Eubanks,San,F,22.19,23,4.9,10.3,15.4,20.1,13,0.846,26,0.577,0,0,0.577,0.646,1.8,1.5,16.3,0.3,8.3,0.09,0.22,0.35,7.6,114.9,101.4
,Jacob Evans,Gol,G,21.81,30,6.8,14.1,13.5,17.1,1,0,38,0.368,15,0.267,0.377,0.374,1.3,0.8,6.6,0.8,13.7,0.17,0.1,0.37,5.5,85.1,101.2
,Jawun Evans,Pho,G,22.71,7,9.1,19,12.8,31.6,0,0,11,0.273,2,0,0.231,0.231,0.9,1.7,10.4,1.4,20.1,0.43,0,0.86,5.7,60,104.3
,Jawun Evans,Okc,G,22.71,1,0.6,1.3,67.9,0,0,0,0,0,1,0,0,0,0,0,0,0,0,0,0,0,0,,
,Tyreke Evans,Ind,G,29.56,69,20.3,42.3,26.5,14,160,0.719,444,0.405,216,0.356,0.448,0.483,10.2,2.9,8,2.4,17.5,0.83,0.28,1.72,8.2,93.9,101.8
,Dante Exum,Uta,G,23.75,42,15.8,32.9,21.2,15.8,86,0.791,177,0.469,62,0.29,0.46,0.52,6.9,1.6,5.5,2.6,24.1,0.33,0.12,1.24,7.8,105,100.6
,Kenneth Faried,Bro,F-C,29.39,12,9.8,20.4,19.6,10.9,16,0.625,37,0.649,5,0.2,0.607,0.622,5.1,3.7,19.6,0.2,2.8,0.17,0.33,0.5,6.4,120.7,103.3
,Kenneth Faried,Hou,F-C,29.39,25,24.4,50.9,20.4,9.4,83,0.651,203,0.611,20,0.35,0.603,0.622,12.9,8.3,18.8,0.7,4.9,0.6,0.76,1.08,6.9,127.2,99.9
,Derrick Favors,Uta,F-C,27.74,76,23.2,48.4,19.4,10.5,228,0.675,541,0.64,78,0.218,0.6,0.624,11.8,7.4,17.2,1.2,8,0.74,1.39,1.11,8.1,124.5,98.1
,Cristiano Felicio,Chi,F-C,26.76,60,12.4,25.9,14.3,13.9,73,0.685,175,0.543,4,0,0.531,0.568,4,3.7,15.9,0.6,7.2,0.18,0.12,0.57,6.7,116.8,106.6
,Raymond Felton,Okc,G,34.79,33,11.5,24,16.6,9,13,0.923,74,0.473,61,0.328,0.481,0.505,4.3,1,4.6,1.6,18.6,0.3,0.18,0.42,6.6,109.7,105.3
,Terrance Ferguson,Okc,G,20.9,74,26.1,54.4,10.6,9.6,51,0.725,141,0.56,290,0.366,0.552,0.566,6.9,1.9,3.8,1,4.8,0.54,0.22,0.65,3.6,111.9,101.8
,Yogi Ferrell,Sac,G,25.92,71,15,31.3,16.2,9.3,67,0.896,202,0.49,149,0.362,0.513,0.552,5.9,1.5,5.2,1.9,17,0.51,0.06,0.55,6.8,114.9,110.7
,Dorian Finney-Smith,Dal,F,25.94,81,24.5,51.1,14,11.4,103,0.709,274,0.544,254,0.311,0.507,0.53,7.5,4.8,10.5,1.2,6.9,0.86,0.46,0.91,5.7,109.7,103.5
,Bryn Forbes,San,G,25.72,82,28,58.2,17.4,8.8,78,0.885,379,0.488,413,0.426,0.567,0.585,11.8,2.9,5.7,2.1,10.6,0.55,0.05,0.98,5.9,112.8,108.2
,Evan Fournier,Orl,G-F,26.45,81,31.5,65.7,22.1,11.9,170,0.806,619,0.509,450,0.34,0.509,0.536,15.1,3.2,5.4,3.6,17.6,0.89,0.15,1.9,7.1,104.2,103.8
,De'Aaron Fox,Sac,G,21.31,81,31.4,65.5,24.5,15,417,0.727,870,0.482,232,0.371,0.497,0.544,17.3,3.8,6.2,7.3,33.2,1.64,0.56,2.8,10,109.9,107.1
,Melvin Frazier Jr.,Orl,G-F,22.61,10,4.4,9.3,23.3,4.2,4,0.25,15,0.467,6,0,0.333,0.33,1.5,0.5,6,0.1,3.3,0.1,0,0.1,3.8,75.1,100.1
,Tim Frazier,Nor,G,28.44,47,19.3,40.3,12.3,21.7,41,0.78,118,0.517,77,0.351,0.521,0.552,5,2.9,7.8,4.4,28,0.53,0.09,1.26,8.3,115.9,106.7
,Tim Frazier,Mil,G,28.44,12,17.6,36.6,17.4,18.2,13,0.692,42,0.429,24,0.417,0.5,0.523,6.3,2.6,7.5,3.5,26,0.42,0.08,1.33,8.8,109.2,101.1
,Jimmer Fredette,Pho,G,30.12,6,10.8,22.5,24.3,13.6,6,1,16,0.5,13,0,0.276,0.348,3.7,1.2,6,1.3,17.5,0.5,0,0.83,6.6,75.1,112.2
,Channing Frye,Cle,F-C,35.9,36,9.5,19.7,17.5,9.5,14,0.786,38,0.289,79,0.405,0.504,0.524,3.6,1.4,8.5,0.6,8.6,0.17,0.14,0.36,6.1,104.2,106.4
,Markelle Fultz,Phi,G,20.87,19,22.5,46.8,19.3,12.7,37,0.568,141,0.433,14,0.286,0.432,0.452,8.2,3.6,8.6,3.1,19.5,0.95,0.26,1.32,8,99.4,100.9
,Danilo Gallinari,Lac,F,30.67,68,30.3,63.1,23.8,8.4,406,0.904,511,0.485,373,0.432,0.554,0.633,19.8,6.1,10.8,2.6,13.2,0.72,0.34,1.44,9,125.1,107.6
,Langston Galloway,Det,G,27.34,80,21.8,45.5,16.1,3.7,96,0.844,206,0.451,381,0.354,0.503,0.534,8.4,2.1,5.3,1.1,7.3,0.46,0.1,0.3,4.9,115.4,106.5
,Billy Garrett,Nyk,G,24.49,4,15.9,33,20.7,6.5,4,1,19,0.579,8,0,0.407,0.452,6.5,0.8,2.5,1.8,17.8,0.25,0.25,0.5,5.3,97.6,115.5
,Marc Gasol,Mem,C,34.2,53,33.7,70.3,22.2,13.4,201,0.756,462,0.491,221,0.344,0.499,0.541,15.7,8.6,14.3,4.7,22.6,1.13,1.21,2.25,10.2,106.6,101.5
,Marc Gasol,Tor,C,34.2,26,24.9,51.9,16.3,14.6,52,0.769,135,0.474,52,0.442,0.527,0.565,9.1,6.7,14.4,3.9,21.2,0.92,0.88,1.38,10,116.5,96.9
,Pau Gasol,San,C-F,38.76,27,12.2,25.5,15.8,11.8,38,0.711,78,0.462,10,0.5,0.494,0.544,4.2,4.7,21,1.9,20.2,0.19,0.52,0.52,11,120.4,101.1
,Pau Gasol,Mil,C-F,38.76,3,10.1,21.1,12.2,22.5,2,0.5,3,0,3,0.333,0.25,0.291,1.3,3.3,16.7,0.7,7.6,0,0.33,0.67,5.7,59,102.7
,Rudy Gay,San,F,32.65,69,26.7,55.6,22.1,12.2,147,0.816,562,0.537,184,0.402,0.554,0.583,13.7,6.8,13.9,2.6,14.7,0.78,0.49,1.64,9.3,111.5,102.6
,Paul George,Okc,F,28.94,77,36.9,76.9,29.5,10,539,0.84,856,0.485,757,0.386,0.529,0.583,28,8.1,11.4,4.1,17.7,2.21,0.44,2.66,10.6,116.5,100.8
,Taj Gibson,Min,F,33.8,70,24.1,50.2,17.1,10.6,177,0.757,503,0.583,34,0.324,0.576,0.612,10.8,6.5,14.5,1.2,7.3,0.76,0.56,1.04,7.3,123.5,103.9
,Harry Giles III,Sac,F-C,20.97,58,14.1,29.5,23.2,15.8,91,0.637,342,0.512,6,0,0.503,0.526,7,3.8,14,1.5,15.2,0.53,0.38,1.26,9.7,101.8,94.4
,Shai Gilgeous-Alexander,Lac,G,20.75,82,26.5,55.2,18.3,15,195,0.8,577,0.503,139,0.367,0.512,0.554,10.8,2.8,5.6,3.3,17.8,1.18,0.55,1.72,7,107.9,107.3
,Rudy Gobert,Uta,C,26.79,81,31.8,66.3,17.8,12.1,522,0.636,712,0.669,0,0,0.669,0.682,15.9,12.8,21.8,2,9.6,0.81,2.3,1.6,9.3,133.8,96.7
,Brandon Goodwin,Den,G,23.52,16,3.6,7.4,23.1,9.7,11,0.818,17,0.235,6,0.333,0.304,0.413,1.4,0.2,2.8,0.9,32,0,0,0.19,7,,
,Aaron Gordon,Orl,F,23.57,78,33.8,70.3,21.8,12.3,253,0.731,699,0.499,347,0.349,0.507,0.538,16,7.3,11.7,3.7,16.6,0.73,0.72,2.08,8.9,107.3,104.6
,Eric Gordon,Hou,G,30.29,68,31.7,66.1,22,8.2,152,0.783,338,0.497,600,0.36,0.525,0.549,16.2,2.2,3.8,1.9,9.4,0.6,0.4,1.32,5.1,108.2,110.6
,Marcin Gortat,Lac,C,35.15,47,16,33.3,14.5,19.4,48,0.729,186,0.532,0,0,0.532,0.562,5,5.6,18.5,1.4,12,0.13,0.51,1.06,8.5,110.8,99.9
,Devonte' Graham,Cha,G,24.13,46,14.7,30.6,17,11.3,46,0.761,95,0.421,121,0.281,0.421,0.459,4.7,1.4,5,2.6,24.6,0.5,0.04,0.65,7,104,109.6
,Treveon Graham,Bro,F,25.45,35,20.4,42.6,12.8,7.8,22,0.818,63,0.413,128,0.297,0.435,0.458,5.3,3,7.8,1,6.5,0.37,0.2,0.49,4.9,99.6,104.1
,Donte Grantham,Okc,F,24.06,3,0.8,1.7,33.9,0,0,0,0,0,2,0,0,0,0,0,0,0,0,0,0,0,0,,
,Jerami Grant,Okc,F,25.08,80,32.7,68,15.4,6.8,221,0.71,530,0.555,293,0.392,0.567,0.592,13.6,5.2,8.2,1,4.2,0.76,1.25,0.84,5.1,119.5,103.8
,Jerian Grant,Orl,G,26.5,60,15.6,32.6,13.4,17.7,40,0.65,110,0.473,110,0.364,0.509,0.526,4.2,1.7,5.6,2.6,22.4,0.73,0.1,0.85,6.8,108.4,103.2
,Danny Green,Tor,G-F,31.8,80,27.7,57.7,14,10.4,44,0.841,195,0.487,434,0.456,0.623,0.633,10.3,4,7.7,1.6,7.7,0.91,0.66,0.94,5.8,119.6,103.7
,Draymond Green,Gol,F,29.1,66,31.3,65.2,13.1,26.8,91,0.692,257,0.549,165,0.285,0.501,0.526,7.4,7.3,12.4,6.9,26.8,1.44,1.08,2.56,9.2,107.9,101.2
,Gerald Green,Hou,G-F,33.21,73,20.2,42,19.5,8.2,68,0.838,137,0.547,441,0.354,0.535,0.555,9.2,2.5,6.8,0.5,4.1,0.45,0.37,0.74,4.5,107.6,107
,JaMychal Green,Mem,F,28.81,41,21.9,45.7,20.4,15.6,80,0.788,216,0.523,96,0.396,0.545,0.58,9.8,6.1,15.7,0.9,6.5,0.8,0.63,1.56,6.9,106.4,95.7
,JaMychal Green,Lac,F,28.81,24,19.6,40.9,17.6,11.7,21,0.81,84,0.548,80,0.413,0.582,0.6,8.7,6.6,17.8,0.6,4.3,0.46,0.33,0.96,6.6,113.7,96.2
,Jeff Green,Was,F,32.62,77,27.2,56.7,17.8,11.5,206,0.888,367,0.586,320,0.347,0.555,0.608,12.3,4,8,1.8,9.2,0.56,0.52,1.31,6.6,115.3,110.8
,Blake Griffin,Det,F,30.07,75,35,72.8,30.2,13.8,550,0.753,819,0.525,522,0.362,0.532,0.581,24.5,7.5,11.8,5.4,27.1,0.69,0.37,3.37,11.4,112.9,104
,Daniel Hamilton,Atl,G-F,23.67,19,10.7,22.4,15.7,20.3,6,0.5,37,0.405,23,0.348,0.45,0.455,3,2.5,12.1,1.2,14.5,0.32,0.05,0.84,7.8,90.7,107.7
,Dusty Hannahs,Mem,G,25.61,2,13,27,23.9,7.2,2,1,7,0.429,5,0,0.25,0.311,4,0.5,2.2,2.5,28.9,0.5,0,0.5,5.3,78.3,111.7
,Tim Hardaway Jr.,Nyk,G,27.07,46,32.6,67.9,25.9,8.9,233,0.854,389,0.424,337,0.347,0.469,0.531,19.1,3.5,5.6,2.7,13.5,0.91,0.13,1.76,6.9,106.5,111.1
,Tim Hardaway Jr.,Dal,G,27.07,19,29.3,61.1,23.9,7.7,43,0.767,127,0.496,140,0.321,0.489,0.514,15.5,3.2,5.9,1.9,10.9,0.58,0.11,1.26,6.2,101.8,108.5
,James Harden,Hou,G,29.63,78,36.8,76.6,40.5,14.5,858,0.879,881,0.528,1028,0.368,0.541,0.616,36.1,6.6,10,7.5,39.5,2.05,0.73,4.96,13.2,118.6,103.5
,Maurice Harkless,Por,F,25.92,60,23.6,49.1,13.9,9.7,73,0.671,268,0.582,120,0.275,0.53,0.547,7.7,4.5,10.1,1.2,7.1,1.12,0.92,0.75,5.9,114.4,100.5
,Montrezl Harrell,Lac,F-C,25.21,82,26.3,54.8,23.5,11,414,0.643,871,0.623,17,0.176,0.617,0.636,16.6,6.5,13.2,2,12.5,0.85,1.34,1.61,9.1,122.9,101.7
,Devin Harris,Dal,G,36.12,68,15.7,32.8,18.5,12.1,134,0.761,147,0.476,200,0.31,0.47,0.527,6.3,1.6,5.6,1.8,16.7,0.51,0.24,0.82,6.7,106.8,101.3
,Gary Harris,Den,G,24.57,57,28.8,59.9,20,8.7,144,0.799,394,0.477,242,0.339,0.489,0.527,12.9,2.8,5.2,2.2,11,0.96,0.33,1.18,6,108,107.2
,Joe Harris,Bro,G-F,27.59,76,30.2,62.9,17,13,133,0.827,363,0.526,386,0.474,0.621,0.645,13.7,3.9,6.7,2.4,11.9,0.49,0.22,1.59,6.7,119,106.2
,Andrew Harrison,Mem,G,24.47,1,4.5,9.4,19.9,0,0,0,1,1,1,0,0.5,0.5,2,0,0,0,0,0,0,0,0,96.8,94.3
,Andrew Harrison,Cle,G,24.47,10,14.4,29.9,17,17.8,16,1,25,0.36,14,0.214,0.346,0.467,4.3,1.5,5.8,1.7,16.3,0.4,0.2,1,6.2,97,101.6
,Andrew Harrison,Nor,G,24.47,6,6.3,13,16.3,13.4,2,0.5,2,0.5,10,0.2,0.333,0.349,1.5,0.8,6.9,1.2,22.6,0,0,0.33,7.2,91.2,100.5
,Shaquille Harrison,Chi,G,25.51,73,19.6,40.8,16.5,11.1,123,0.667,337,0.475,89,0.27,0.46,0.494,6.5,3,8.4,1.9,14.1,1.22,0.41,0.82,6.8,101.3,105.7
,Tobias Harris,Lac,F,26.74,55,34.6,72.1,23.5,10.3,219,0.877,596,0.523,258,0.434,0.562,0.606,20.9,7.8,12,2.7,12.5,0.73,0.44,1.98,8.8,114.8,106.7
,Tobias Harris,Phi,F,26.74,27,35,72.9,21.3,8.8,88,0.841,264,0.542,135,0.326,0.524,0.562,18.2,7.9,11.9,2.9,12.6,0.41,0.48,1.56,8.5,112.5,106.3
,Isaiah Hartenstein,Hou,F-C,20.93,28,7.9,16.5,11.8,21.6,14,0.786,35,0.514,6,0.333,0.512,0.562,1.9,1.7,11.7,0.5,9.4,0.25,0.43,0.46,5.9,114.6,87.8
,Josh Hart,Lal,G,24.1,67,25.6,53.3,13.5,10.4,80,0.688,190,0.511,274,0.336,0.506,0.526,7.8,3.7,7.4,1.4,6.9,0.96,0.6,0.87,5.4,103.4,104.8
,Udonis Haslem,Mia,F,38.84,10,7.5,15.5,21.7,7.9,4,0.75,21,0.524,12,0,0.333,0.36,2.5,2.7,19.3,0.2,4,0,0,0.3,5.9,77.3,95.1
,Gordon Hayward,Bos,F,29.05,72,25.9,53.9,19,12.8,187,0.834,404,0.542,231,0.333,0.527,0.575,11.5,4.5,9.3,3.4,18.4,0.82,0.32,1.46,8.7,114.4,106.4
,John Henson,Mil,F,28.29,14,13.5,28,18.5,14.4,10,0.6,36,0.556,31,0.355,0.545,0.553,5.6,5.1,19.1,1,10.1,0.5,0.79,0.86,9.1,108.8,95.9
,Juancho Hernangomez,Den,F,23.54,70,19.4,40.4,12.2,9.5,86,0.767,132,0.545,181,0.365,0.546,0.581,5.8,3.8,10.6,0.8,5.3,0.39,0.36,0.53,5.4,118.5,105.8
,Willy Hernangomez,Cha,C,24.87,58,14,29.2,22.2,13.9,144,0.694,257,0.537,39,0.385,0.542,0.586,7.3,5.4,20.7,1,11.5,0.28,0.36,1,9.7,118.5,100.6
,Mario Hezonja,Nyk,F,24.12,58,20.8,43.3,21.3,14.6,114,0.763,312,0.478,152,0.276,0.457,0.497,8.8,4.1,10.4,1.5,11.5,0.98,0.14,1.52,7.3,94.3,105.3
,Isaiah Hicks,Nyk,F,24.72,3,10.8,22.4,14.8,8.9,5,0.8,8,0.5,0,0,0.5,0.588,4,2.3,11.3,0.7,9.3,0.33,1,0.33,6.9,123.7,99.7
,Buddy Hield,Sac,G,25.32,82,31.9,66.4,25.2,9.2,193,0.886,709,0.487,651,0.427,0.56,0.587,20.7,5,8.1,2.5,11.9,0.71,0.39,1.79,8,113.5,108.7
,Haywood Highsmith,Phi,F,22.34,5,8,16.6,12.5,8.4,2,0,5,0.6,5,0.2,0.45,0.414,1.8,1,6.7,0.4,6.6,0.2,0,0.2,4.5,83.3,111.3
,George Hill,Cle,G,32.94,13,26.5,55.2,17.2,14.7,20,0.85,79,0.532,28,0.464,0.575,0.604,10.8,2.1,4.4,2.8,16.2,0.92,0.08,1.54,6,115.8,110.9
,George Hill,Mil,G,32.94,47,20.4,42.5,14.4,9.4,65,0.815,144,0.556,125,0.28,0.493,0.534,6.8,2.6,6.5,2.1,13.3,0.83,0.15,0.66,6.5,113.8,102.2
,Solomon Hill,Nor,F,28.07,44,20,41.6,10.4,13.9,32,0.719,77,0.468,101,0.317,0.472,0.497,4.3,3,7.9,1.3,7.6,0.52,0.23,0.7,5.1,103.5,108
,Aaron Holiday,Ind,G,22.53,50,12.9,26.9,21.9,12.3,50,0.82,135,0.459,127,0.339,0.483,0.518,5.9,1.3,5.7,1.7,19.3,0.4,0.26,0.8,7.3,102.5,100.4
,Jrue Holiday,Nor,G,28.83,67,35.8,74.7,25.5,14.2,271,0.768,796,0.539,363,0.325,0.523,0.555,21.2,5,7.2,7.7,31.8,1.64,0.81,3.16,10.4,110.9,110.1
,Justin Holiday,Chi,G,30.02,38,34.9,72.6,15.2,10.2,46,0.891,124,0.435,270,0.359,0.506,0.531,11.6,4.4,6.9,2.2,9.1,1.74,0.58,1.24,5.5,103.7,110
,Justin Holiday,Mem,F-G,30.02,44,29.1,60.7,16.3,12.2,60,0.9,188,0.447,195,0.333,0.474,0.509,9.5,3.5,6.7,1.4,7.1,1.23,0.34,1.3,4.9,96.8,106.4
,John Holland,Cle,G,30.43,1,0.7,1.5,0,,0,0,0,0,0,0,,,0,0,0,0,0,0,0,0,0,,
,Rondae Hollis-Jefferson,Bro,F,24.27,59,20.9,43.6,21.6,10.7,183,0.645,438,0.436,49,0.184,0.42,0.464,8.9,5.3,13.2,1.6,11.7,0.75,0.46,1.15,8.1,98.8,102.1
,Richaun Holmes,Pho,F-C,25.49,70,16.9,35.2,17.9,10.5,175,0.731,365,0.608,0,0,0.608,0.647,8.2,4.7,15.5,0.9,7.9,0.6,1.13,0.74,7.7,127.7,100.2
,Rodney Hood,Cle,G,26.47,45,27.4,57.1,19.1,6.7,114,0.912,302,0.46,152,0.362,0.488,0.542,12.2,2.5,5,2,11.5,0.84,0.11,0.8,5.7,113.3,112.6
,Rodney Hood,Por,G,26.47,27,24.4,50.8,16.3,7.5,41,0.805,133,0.519,84,0.345,0.518,0.549,9.6,1.6,3.6,1.3,7.1,0.81,0.22,0.7,4.4,111.8,108.6
,Al Horford,Bos,F-C,32.86,68,29,60.4,19,11.8,97,0.825,520,0.604,203,0.36,0.586,0.605,13.6,6.7,12.4,4.1,21.1,0.85,1.26,1.5,9.9,122.2,104.7
,Danuel House Jr.,Hou,F-G,25.84,39,25.1,52.3,14.1,11,71,0.789,74,0.595,178,0.416,0.615,0.646,9.4,3.6,7.9,1,5.9,0.54,0.28,0.9,5.2,123,107.1
,Dwight Howard,Was,C,33.34,9,25.5,53.1,19.6,15.1,48,0.604,69,0.623,0,0,0.623,0.638,12.8,9.2,19.6,0.4,2.6,0.78,0.44,1.78,5.7,116.6,98.6
,Kevin Huerter,Atl,G,20.62,75,27.3,56.9,15.7,13.8,56,0.732,304,0.457,354,0.384,0.521,0.532,9.7,3.3,6.3,2.9,14.5,0.88,0.33,1.45,6.6,105.5,111.9
,Isaac Humphries,Atl,C,21.26,5,11.3,23.5,15.1,0,0,0,10,0.3,11,0.273,0.357,0.357,3,2.2,10.2,0,0,0.2,0,0,0,87.1,106.7
,RJ Hunter,Bos,G,25.46,1,25.7,53.5,23.3,0,2,0.5,3,0.667,10,0.4,0.615,0.612,17,3,6.2,3,18.3,1,0,0,8.3,131.3,101.2
,Chandler Hutchison,Chi,F,22.96,44,20.3,42.4,12.2,10,38,0.605,159,0.516,50,0.28,0.493,0.507,5.2,4.2,11.2,0.8,5.3,0.52,0.14,0.57,5.1,102.1,109.2
,Serge Ibaka,Tor,F-C,29.56,74,27.2,56.6,22.8,10.6,177,0.763,708,0.586,169,0.29,0.557,0.582,15,8.1,16.1,1.3,7.7,0.39,1.38,1.53,7.9,113.3,98.7
,Andre Iguodala,Gol,G-F,35.2,68,23.2,48.3,10.4,13.6,67,0.582,158,0.652,144,0.333,0.579,0.587,5.7,3.7,8.5,3.2,16.8,0.9,0.75,0.76,7,124.4,107.8
,Ersan Ilyasova,Mil,F,31.91,67,18.4,38.3,15.7,10.2,74,0.824,221,0.493,160,0.363,0.514,0.548,6.8,4.5,12.4,0.8,5.5,0.48,0.3,0.7,6.3,112.8,94.1
,Joe Ingles,Uta,F,31.52,82,31.3,65.2,17.5,18.4,123,0.707,319,0.533,483,0.391,0.565,0.581,12.1,4,7,5.7,26.1,1.18,0.24,2.35,8.3,110.7,102.1
,Andre Ingram,Lal,G,33.39,4,3.7,7.6,19.9,14.3,0,0,3,0,3,0,0,0,0,0.5,7.1,0,0,0.25,0,0.25,0,,
,Brandon Ingram,Lal,F,21.61,52,33.9,70.5,23.2,13.2,289,0.675,634,0.522,94,0.33,0.519,0.555,18.3,5.2,7.9,3,12.9,0.54,0.6,2.5,7.8,104.2,106
,Kyrie Irving,Bos,G,27.05,67,33,68.8,29.6,11.3,245,0.873,807,0.533,434,0.401,0.557,0.592,23.8,5,8.1,6.9,35,1.55,0.51,2.57,11.4,117.9,104
,Jonathan Isaac,Orl,F,21.52,75,26.6,55.5,16.3,10.2,135,0.815,345,0.51,266,0.323,0.499,0.537,9.6,5.5,11,1.1,5.7,0.79,1.29,1.01,5.8,107.1,103.7
,Wes Iwundu,Orl,F,24.31,68,18.1,37.8,12.8,12.1,103,0.816,195,0.431,79,0.367,0.465,0.531,5,2.7,8,1.1,7.9,0.41,0.32,0.65,5.4,107.5,102
,Jaren Jackson Jr.,Mem,F-C,19.57,58,26.1,54.4,22.8,12.7,197,0.766,448,0.551,142,0.359,0.548,0.59,13.8,4.7,10.1,1.1,7.3,0.9,1.41,1.69,6.4,108.2,96.9
,Demetrius Jackson,Phi,G,24.59,6,6.6,13.7,18.8,5.6,4,1,9,0.667,6,0.333,0.6,0.656,3.7,0.5,4,0.8,19.2,0.33,0,0.17,6.9,138.3,104.5
,Frank Jackson,Nor,G,20.94,61,19.2,39.9,18.5,8.9,73,0.74,278,0.507,170,0.312,0.492,0.515,8.1,2.2,5.9,1.1,8,0.41,0.03,0.77,5.6,102.2,110.2
,Josh Jackson,Pho,F,22.16,79,25.2,52.4,23.9,15.6,213,0.671,616,0.445,225,0.324,0.456,0.487,11.5,4.4,9.7,2.3,14.1,0.92,0.71,2.19,7.7,91.8,108
,Justin Jackson,Sac,F,24.04,52,20.8,43.4,12.9,6.5,50,0.82,136,0.515,159,0.346,0.517,0.546,6.7,2.8,7,1.3,8,0.44,0.25,0.42,5.6,114.3,110.5
,Justin Jackson,Dal,F,24.04,29,18.3,38.1,17,3.3,29,0.724,104,0.577,86,0.372,0.568,0.584,8.2,2.3,6.7,1,8.4,0.31,0.03,0.24,5.8,121.8,109.2
,Reggie Jackson,Det,G,28.99,82,27.9,58.2,24.5,11.4,236,0.864,576,0.464,471,0.369,0.504,0.547,15.4,2.6,5.1,4.2,24.7,0.66,0.11,1.8,7.9,111.5,104.8
,LeBron James,Lal,F,34.28,55,35.2,73.4,31.6,13.3,418,0.665,768,0.582,327,0.339,0.56,0.588,27.4,8.4,12.3,8.3,39.4,1.31,0.6,3.58,14.1,114.4,106.2
,Amile Jefferson,Orl,F,25.93,12,5.7,11.9,13.1,4.9,8,0.875,16,0.625,0,0,0.625,0.692,2.3,1.8,16.5,0.3,6.3,0.25,0.25,0.08,7.5,147.3,96
,John Jenkins,Was,G,28.1,4,3.6,7.4,5.9,0,0,0,0,0,2,1,1.5,1.5,1.5,0.3,3.8,0.3,9.6,0,0,0,5.7,,
,John Jenkins,Nyk,G,28.1,22,14.5,30.2,16.1,7.5,18,0.833,46,0.435,57,0.351,0.485,0.518,5.2,1.6,5.9,1,9.9,0,0.09,0.41,5.6,107.4,116.9
,Jonas Jerebko,Gol,F,32.11,73,16.7,34.8,15.2,9.9,80,0.8,167,0.563,188,0.367,0.556,0.588,6.3,3.9,12.6,1.3,10.1,0.37,0.25,0.59,7.6,121.1,101.6
,Alize Johnson,Ind,F,22.97,14,4.6,9.6,13.2,0,8,0.5,14,0.214,2,0.5,0.281,0.333,0.9,1.4,16.3,0.1,1.9,0.07,0.21,0,4.4,87.2,97.1
,Amir Johnson,Phi,C-F,31.95,51,10.4,21.6,17.4,20.5,41,0.756,117,0.573,40,0.3,0.541,0.574,3.9,2.9,14.6,1.2,15.9,0.31,0.27,0.88,9.2,109.1,92.7
,BJ Johnson,Atl,F,23.31,6,7.2,15,17.7,10.6,2,1,10,0.5,6,0.5,0.594,0.622,3.5,1.3,9.7,0,0,0.33,0,0.33,0,112.2,110.5
,BJ Johnson,Sac,F,23.31,1,6.1,12.7,13.5,0,0,0,1,1,1,0,0.5,0.5,2,0,0,0,0,0,0,0,0,100.7,104.1
,James Johnson,Mia,F,32.14,55,21.2,44.1,17.8,15.3,70,0.714,230,0.496,149,0.336,0.499,0.522,7.8,3.2,8,2.5,17,0.64,0.49,1.35,7.5,102.1,101.4
,Stanley Johnson,Det,F,22.87,48,20,41.7,19.1,12.9,51,0.804,168,0.488,181,0.282,0.454,0.482,7.5,3.6,9.9,1.3,9.4,1,0.27,1.15,6.5,95,100.4
,Stanley Johnson,Nor,F,22.87,18,13.7,28.6,20.4,21.2,13,0.692,57,0.474,34,0.324,0.478,0.496,5.3,2.3,8.8,1.6,15.1,0.67,0.06,1.44,7.9,90.4,106.4
,Tyler Johnson,Mia,G,26.93,44,25.5,53.2,19.2,12.5,88,0.693,197,0.503,204,0.353,0.516,0.54,10.8,2.7,5.6,2.5,14.8,0.91,0.48,1.43,6.6,105.6,106.2
,Tyler Johnson,Pho,G,26.93,13,31.2,65,16.5,9,39,0.872,69,0.406,56,0.321,0.44,0.506,11.1,4,7.1,4.2,18.6,1.08,0.46,1.08,7.3,112,114.6
,Wesley Johnson,Nor,F-G,31.75,26,14.5,30.2,11.2,10.7,9,0.667,38,0.421,50,0.38,0.506,0.517,3.7,2.1,7.4,0.6,5.2,0.46,0.27,0.42,4.6,103.2,104.6
,Wesley Johnson,Was,F-G,31.75,12,13.1,27.2,13.6,11.9,10,0.7,14,0.286,26,0.231,0.325,0.372,2.8,1.5,6.2,0.6,5.6,0.17,0.42,0.5,4.2,77.5,107.6
,Nikola Jokic,Den,C,24.14,80,31.3,65.2,27.4,15.4,352,0.821,936,0.569,270,0.307,0.545,0.589,20.1,10.8,18.7,7.3,37.1,1.35,0.69,3.1,14.9,119.2,99
,Derrick Jones Jr.,Mia,F-G,22.15,60,19.2,40.1,15.6,10,122,0.607,234,0.564,91,0.308,0.535,0.557,7,4,11.1,0.6,4.7,0.77,0.7,0.7,5.3,113.7,100
,Damian Jones,Gol,C,23.78,24,17.1,35.6,11.1,15.1,37,0.649,74,0.716,0,0,0.716,0.72,5.4,3.1,9.8,1.2,8.7,0.5,1.04,0.67,6.4,137.7,98.6
,Jalen Jones,Cle,F,25.87,16,13.4,27.9,16.7,9.8,27,0.704,34,0.471,28,0.357,0.5,0.548,5.1,2.1,8.6,0.4,4.8,0.56,0.13,0.5,4.8,111.1,106.2
,Jemerrio Jones,Lal,F,24.01,6,23.9,49.7,11.3,12.9,2,0.5,23,0.435,10,0.2,0.394,0.398,4.5,8.2,17.7,2.2,11.4,1.17,1,0.83,7.2,103.4,102.7
,Terrence Jones,Hou,F,27.25,2,2.6,5.3,46.3,18.4,1,0,2,0.5,2,0,0.25,0.225,1,2,43.4,0,0,0,0,0.5,0,,
,Tyus Jones,Min,G,22.92,68,22.9,47.8,14.1,9,69,0.841,320,0.453,126,0.317,0.46,0.491,6.9,2,4.6,4.8,28.2,1.19,0.07,0.69,7.1,116.4,112.2
,DeAndre Jordan,Dal,C,30.72,50,31.1,64.8,14.4,21.3,198,0.682,323,0.644,0,0,0.644,0.672,11,13.7,23.6,2,9.5,0.64,1.06,2.22,8.6,121.4,100
,DeAndre Jordan,Nyk,C,30.72,19,26,54.1,16.8,21.6,66,0.773,123,0.634,0,0,0.634,0.681,10.9,11.3,22.8,3,18.2,0.47,1.05,2.21,11,125.3,103.8
,Cory Joseph,Ind,G,27.64,82,25.2,52.4,13.7,12.4,43,0.698,377,0.454,171,0.322,0.463,0.474,6.5,3.4,7.5,3.9,20.7,1.13,0.27,0.98,7,104.9,103.9
,Frank Kaminsky,Cha,F-C,26.02,47,16.1,33.5,22.1,10.6,107,0.738,160,0.55,139,0.36,0.545,0.585,8.6,3.5,11.7,1.3,12.9,0.26,0.28,0.87,8.4,115.5,106.2
,Enes Kanter,Nyk,C,26.89,44,25.6,53.4,22.9,13.1,129,0.814,446,0.547,22,0.318,0.544,0.585,14,10.5,21.4,1.9,13.1,0.41,0.41,1.8,10.2,117.7,104.5
,Enes Kanter,Por,C,26.89,23,22.2,46.3,23.4,13.7,68,0.735,203,0.596,12,0.25,0.584,0.614,13.1,8.6,20.6,1.4,9.9,0.61,0.39,1.7,9.7,121.8,99.1
,Luke Kennard,Det,G,22.8,63,22.8,47.5,18.1,9.4,61,0.836,251,0.486,269,0.394,0.54,0.56,9.7,2.9,7,1.8,12.3,0.41,0.14,0.9,6.5,110.7,106.9
,Michael Kidd-Gilchrist,Cha,F,25.54,64,18.4,38.4,15.7,10,123,0.772,285,0.498,47,0.34,0.5,0.553,6.7,3.8,11.3,1,7.4,0.5,0.61,0.67,6.4,115.8,101.7
,George King,Pho,F,25.24,1,5.9,12.3,0,,0,0,0,0,0,0,,,0,1,9.4,0,0,0,0,0,0,,120.8
,Maxi Kleber,Dal,F,27.2,71,21.2,44.1,13.5,11.4,74,0.784,168,0.583,218,0.353,0.553,0.579,6.8,4.6,11.7,1,6.8,0.51,1.11,0.76,5.9,115.7,103
,Brandon Knight,Hou,G,27.36,12,9.8,20.5,20.9,8.8,11,0.818,15,0.4,32,0.156,0.287,0.347,3,0.8,4.2,0.8,10.6,0.17,0,0.42,5.1,78.7,104.9
,Brandon Knight,Cle,G,27.36,27,22.9,47.7,17.5,10.1,23,0.783,116,0.448,97,0.371,0.498,0.515,8.5,1.9,4.5,2.3,15.1,0.7,0.07,0.93,5.8,106.1,113.3
,Kevin Knox,Nyk,F,19.67,75,28.8,59.9,22.4,10.2,226,0.717,551,0.387,364,0.343,0.438,0.475,12.8,4.5,8.2,1.1,6,0.56,0.32,1.53,5.5,93.7,109.4
,Furkan Korkmaz,Phi,G-F,21.72,48,14.2,29.5,17.9,8.6,44,0.818,101,0.505,144,0.326,0.496,0.528,5.8,2.3,8.4,1.1,10.7,0.6,0.04,0.52,6.9,107.7,103.2
,Luke Kornet,Nyk,F-C,23.74,46,17,35.5,17.9,7.6,46,0.826,90,0.411,193,0.363,0.502,0.531,7,2.9,9,1.2,10.5,0.59,0.91,0.54,6.8,110.2,111.2
,Kyle Korver,Cle,G-F,38.07,16,15.7,32.7,17.4,17,16,0.813,22,0.455,54,0.463,0.625,0.65,6.8,1.8,6.4,1.1,10.1,0.19,0.13,1.06,6.1,112,112.1
,Kyle Korver,Uta,G-F,38.07,54,20,41.8,18.7,8.9,57,0.825,113,0.469,294,0.384,0.547,0.569,9.1,2.5,6.7,1.2,8.6,0.41,0.19,0.78,6,108.7,102.6
,Kosta Koufos,Sac,C,30.13,42,11.9,24.9,15.7,14.2,24,0.417,153,0.477,0,0,0.477,0.477,3.7,4.2,18.2,0.9,9.5,0.36,0.43,0.64,8.1,102,98.2
,Rodions Kurucs,Bro,F,21.18,63,20.5,42.8,18.4,13.6,92,0.783,265,0.543,184,0.315,0.514,0.545,8.5,3.9,10,0.8,6,0.67,0.43,1.22,5.8,102.5,100.6
,Kyle Kuzma,Lal,F,23.72,70,33.1,68.9,23.8,9.9,250,0.752,665,0.553,422,0.303,0.515,0.546,18.7,5.5,8.5,2.5,11.5,0.57,0.37,1.89,7.7,105.8,106.8
,Skal Labissiere,Sac,F,23.06,13,8.7,18.2,15.3,16.7,11,0.545,19,0.474,11,0.364,0.5,0.517,2.8,1.8,10.9,0.5,6.8,0.15,0.23,0.54,6.3,96,95.7
,Skal Labissiere,Por,F,23.06,9,7,14.6,17.1,15.6,6,0.5,17,0.647,2,1,0.737,0.716,3.4,2.1,16,0.6,11.8,0.33,0.33,0.44,9.3,129,96.9
,Jeremy Lamb,Cha,G,26.86,79,28.5,59.3,22.5,6.8,260,0.888,648,0.488,330,0.348,0.499,0.553,15.3,5.5,10.4,2.2,11.9,1.11,0.41,1.01,8,113.5,107.7
,Zach LaVine,Chi,G,24.09,63,34.5,71.8,30.5,14.2,375,0.832,814,0.504,321,0.374,0.52,0.574,23.7,4.7,7.4,4.5,22.6,0.95,0.41,3.43,9.2,106.2,110.7
,Jake Layman,Por,F,25.1,71,18.7,38.9,15.9,9.2,71,0.704,243,0.646,181,0.326,0.579,0.594,7.6,3.1,8.7,0.7,5.6,0.44,0.42,0.65,5.4,117.6,105.4
,TJ Leaf,Ind,F,21.95,58,9,18.7,17.5,5.8,31,0.613,152,0.599,31,0.258,0.563,0.572,3.9,2.2,13.4,0.4,6.9,0.17,0.33,0.21,6.7,119.7,103.8
,Courtney Lee,Nyk,G,33.52,12,13.4,27.8,15.5,8.6,14,0.643,31,0.516,16,0.313,0.5,0.527,4.7,2.3,8.8,1.3,15.1,0.67,0.17,0.42,7.2,112.7,107.5
,Courtney Lee,Dal,G,33.52,22,12.2,25.4,15.1,9.6,7,0.714,43,0.488,39,0.282,0.457,0.47,3.6,1.2,5.4,1,11.4,0.59,0.05,0.41,5.3,97.5,106.1
,Damion Lee,Gol,G,26.47,32,11.7,24.4,16.8,7.4,22,0.864,59,0.492,68,0.397,0.547,0.578,4.9,2,9.1,0.4,4.5,0.41,0,0.34,5.4,111.9,105.9
,Walter Lemon Jr.,Chi,G,27.71,6,27.9,58.1,26.6,9.8,11,0.727,82,0.439,5,0.4,0.448,0.468,14.3,4.5,8.8,5,30.3,1.83,0.17,1.67,9.8,98.8,105.7
,Alex Len,Atl,C,25.82,77,20.1,41.8,22.1,11.5,216,0.648,444,0.554,204,0.363,0.551,0.575,11.1,5.5,14.4,1.1,8.6,0.35,0.9,1.26,8.1,112.8,104.6
,Kawhi Leonard,Tor,F,27.78,60,34,70.8,30.3,8.4,426,0.854,827,0.542,302,0.371,0.546,0.606,26.6,7.3,11.6,3.3,16.4,1.77,0.42,2.02,10.1,119.8,104.6
,Meyers Leonard,Por,F-C,27.12,61,14.4,30,14.8,14,51,0.843,131,0.626,111,0.45,0.649,0.675,5.9,3.8,14.2,1.2,11.8,0.21,0.15,0.7,8.3,129.2,100.1
,Jon Leuer,Det,F,29.91,41,9.8,20.4,16.1,15.3,31,0.742,102,0.637,12,0.083,0.583,0.611,3.8,2.4,13.2,0.3,5.5,0.29,0.1,0.56,5.7,112.6,95.4
,Caris LeVert,Bro,G,24.63,40,26.6,55.4,24,11.4,123,0.691,330,0.482,154,0.312,0.477,0.508,13.7,3.8,7.4,3.9,23.2,1.05,0.35,1.73,8.8,105.2,105.4
,Damian Lillard,Por,G,28.74,80,35.5,73.9,29.3,10.8,513,0.912,890,0.499,643,0.369,0.522,0.588,25.8,4.6,7,6.9,30.6,1.11,0.41,2.65,10.5,121.5,109.1
,Jeremy Lin,Atl,G,30.63,51,19.7,41,22.6,17.6,168,0.845,254,0.535,132,0.333,0.523,0.594,10.7,2.3,6.2,3.5,26.7,0.75,0.14,1.92,9,112.5,109.1
,Jeremy Lin,Tor,G,30.63,23,18.8,39.3,19.8,13,42,0.81,100,0.47,55,0.2,0.41,0.464,7,2.6,7.5,2.2,15.7,0.39,0.26,1.13,7.3,95.7,100.6
,Shaun Livingston,Gol,G,33.58,64,15.1,31.5,12,14.1,51,0.784,208,0.524,2,0,0.519,0.555,4,1.8,6.5,1.8,14.8,0.48,0.42,0.59,6.2,118.2,107.9
,Zach Lofton,Det,G,26.39,1,3.8,7.9,22.7,50,0,0,0,0,1,0,0,0,0,0,0,0,0,1,0,1,0,,
,Kevon Looney,Gol,F,23.18,80,18.5,38.6,12.8,11.5,105,0.619,338,0.639,10,0.1,0.625,0.634,6.3,5.2,15.1,1.5,10.8,0.56,0.68,0.64,7.9,137,98.5
,Brook Lopez,Mil,C,31.03,81,28.7,59.7,16.7,9,133,0.842,273,0.615,512,0.365,0.571,0.598,12.5,4.9,8.7,1.2,5.7,0.6,2.21,1.02,5.8,112.7,100.6
,Robin Lopez,Chi,C,31.03,74,21.7,45.2,18.6,14,123,0.724,504,0.589,31,0.226,0.575,0.598,9.5,3.9,9.6,1.2,8.8,0.15,1.05,1.3,6.5,113.8,111.3
,Kevin Love,Cle,F-C,30.59,22,27.2,56.6,27.4,11.2,114,0.904,136,0.412,147,0.361,0.479,0.561,17,10.9,22.2,2.2,12.8,0.27,0.27,1.91,10.9,112.4,105.9
,Kyle Lowry,Tor,G,33.05,65,34.1,70.9,19.6,18.1,194,0.83,286,0.514,453,0.347,0.518,0.562,14.2,4.8,7.6,8.7,34.8,1.4,0.48,2.8,9.9,114.8,103.3
,Jordan Loyd,Tor,G,25.71,12,4.6,9.5,19.5,8.1,11,0.818,10,0.4,8,0.5,0.556,0.635,2.4,0.8,8.8,0.5,15.1,0,0,0.17,8.6,129.7,103.4
,Kalin Lucas,Det,G,29.88,1,5.6,11.7,14.5,0,2,1,0,0,1,0,0,0.532,2,3,29.2,1,22.3,0,0,0,13,140.7,84.8
,Timothe Luwawu-Cabarrot,Okc,G-F,23.92,21,5.8,12.2,16.5,8.1,6,0.667,21,0.381,22,0.227,0.36,0.383,1.7,0.9,7.6,0.2,4.2,0.19,0.05,0.19,4.6,83.9,100.2
,Timothe Luwawu-Cabarrot,Chi,G-F,23.92,29,18.8,39.3,16.5,7.8,35,0.771,81,0.469,94,0.33,0.483,0.515,6.8,2.7,7.9,0.8,5.8,0.52,0.24,0.55,5.2,101.4,105.5
,Tyler Lydon,Den,F,23,25,3.7,7.8,10.7,17.2,3,0.333,8,0.625,10,0.4,0.611,0.595,0.9,0.7,10.4,0.2,8.3,0.08,0,0.16,5.4,,
,Trey Lyles,Den,F,23.43,63,17.8,37,23.4,11.1,116,0.698,294,0.531,200,0.255,0.471,0.501,8.7,3.9,11.9,1.4,11.3,0.48,0.38,1.08,8.1,100.3,102.9
,Scott Machado,Lal,G,28.84,4,4.8,10,13.9,0,1,1,5,0.6,1,1,0.75,0.776,2.5,0,0,0.8,23.2,0.25,0,0,0,165.4,105.6
,Shelvin Mack,Mem,G,28.97,53,22.7,47.3,18,12.8,75,0.707,261,0.441,128,0.359,0.473,0.499,7.9,1.9,4.8,3.4,23.3,0.83,0.08,1.17,6.5,102.8,107.6
,Shelvin Mack,Cha,G,28.97,4,10.6,22,22.4,18.2,9,0.556,12,0.167,2,0,0.143,0.251,2.3,0.5,2.6,0.3,3,0.5,0,1,2.6,47.3,109.5
,Daryl Macon,Dal,G,23.37,8,11.2,23.4,17.3,16.6,7,0.571,16,0.313,11,0.455,0.463,0.482,3.6,1.5,7.1,0.9,11.2,0.13,0,0.75,6,92,105.9
,J.P. Macura,Cha,G,23.85,2,8.4,17.5,23.1,0,0,0,5,0.6,4,0,0.333,0.333,3,1.5,9.6,1,18.2,0,0,0,7.9,81.3,116.5
,Ian Mahinmi,Was,C,32.43,34,14.6,30.5,13,13.7,61,0.689,89,0.494,16,0.188,0.462,0.527,4.1,3.8,14.1,0.7,6.5,0.74,0.47,0.62,6.1,113.6,98.1
,Thon Maker,Mil,F,22.12,35,11.7,24.4,16.3,5.7,37,0.541,56,0.589,78,0.333,0.537,0.546,4.7,2.7,11.9,0.5,5.8,0.29,0.51,0.26,6.3,112.5,94.1
,Thon Maker,Det,F,22.12,29,19.4,40.5,13.7,13.4,47,0.766,59,0.458,75,0.307,0.459,0.514,5.5,3.7,10.3,0.9,6.7,0.38,1.14,0.83,5.4,104.3,103.3
,Boban Marjanovic,Lac,C,30.65,34,11.1,23,24.6,16.9,95,0.758,138,0.616,2,0,0.607,0.666,7.1,4.5,21.4,0.6,9.3,0.29,0.5,1.09,9.6,123.3,95.9
,Boban Marjanovic,Phi,C,30.65,22,13.9,28.9,21.7,13.9,36,0.722,112,0.634,8,0.5,0.642,0.663,8.2,5.1,19.6,1.5,17.1,0.23,0.45,1,11.4,125,99.7
,Lauri Markkanen,Chi,F,21.89,52,32.3,67.4,25.1,8.9,195,0.872,463,0.479,332,0.361,0.506,0.553,18.7,9.1,15.3,1.4,7.2,0.71,0.63,1.65,7.7,107.4,106.9
,Jarell Martin,Orl,F,24.88,42,7.8,16.3,15.9,9.2,11,0.818,47,0.489,57,0.351,0.51,0.528,2.7,1.7,11.9,0.4,7.8,0.07,0.19,0.26,6.3,105.6,94.9
,Frank Mason,Sac,G,25.02,38,11.5,23.9,21.8,15.6,57,0.684,105,0.543,64,0.219,0.462,0.502,5.1,1.2,5.2,2.2,26.3,0.42,0.11,0.95,8.3,101.9,108.6
,Yante Maten,Mia,F,22.66,2,6.5,13.5,13.2,0,0,0,3,0.333,1,0,0.25,0.25,1,1.5,12.3,0,0,0.5,0,0,0,70.8,108.9
,Wesley Matthews,Dal,G-F,32.49,44,29.8,62.1,18.9,10.1,110,0.791,206,0.456,263,0.38,0.52,0.556,13.1,2.3,4.2,2.3,11.6,0.77,0.25,1.32,5.5,109,107.5
,Wesley Matthews,Nyk,G-F,32.49,2,27,56.1,18.4,8.6,5,0.8,9,0.222,10,0.2,0.263,0.33,7,1.5,2.9,2.5,12.9,0.5,0.5,1,4.4,78.1,116.7
,Wesley Matthews,Ind,G-F,32.49,23,31.5,65.7,15.8,11.8,48,0.854,81,0.407,130,0.369,0.498,0.541,10.9,2.8,5,2.4,10.1,0.87,0.17,1.35,5.3,105.9,104.8
,Luc Mbah a Moute,Lac,F,32.59,4,15.3,31.8,15.4,9,5,0.4,12,0.5,6,0.333,0.5,0.495,5,1.8,6.1,0.5,4.5,0.25,0.25,0.5,4.3,98.2,103.6
,Tahjere McCall,Bro,G,24.65,1,8,16.7,18.1,0,1,0,2,1,1,0,0.667,0.581,4,1,6.6,0,0,0,0,0,0,107.8,88.8
,Patrick McCaw,Cle,G,23.46,3,17.6,36.7,9.9,25,0,0,5,0.2,4,0.25,0.278,0.278,1.7,1,3.1,0.7,4.9,0.67,0,1,2.4,51.9,119.7
,Patrick McCaw,Tor,G,23.46,26,13.2,27.6,9.3,18.8,15,0.867,30,0.533,24,0.333,0.519,0.569,2.7,1.7,7,1,9.8,0.81,0.12,0.54,5,110.2,99
,CJ McCollum,Por,G,27.56,70,33.9,70.7,25.5,7.4,192,0.828,798,0.506,445,0.375,0.527,0.553,21,4,6.3,3,13.8,0.79,0.39,1.51,7.5,113.4,107.8
,T.J. McConnell,Phi,G,27.04,76,19.3,40.3,15,17.3,37,0.784,377,0.546,43,0.326,0.54,0.554,6.4,2.3,6.3,3.4,24.7,1.04,0.21,1.2,7.6,110.3,105.4
,Doug McDermott,Ind,F,27.27,77,17.4,36.2,16.3,8.4,79,0.835,217,0.567,206,0.408,0.589,0.616,7.3,1.4,4.5,0.9,7.1,0.23,0.1,0.55,4.8,117,105.8
,JaVale McGee,Lal,C,31.23,75,22.3,46.4,20.2,13.2,152,0.632,629,0.634,12,0.083,0.625,0.634,12,7.6,17.5,0.7,4.9,0.64,1.96,1.44,7.2,117.9,98.3
,Rodney McGruder,Mia,G-F,27.7,66,23.5,48.9,15.4,11.5,72,0.722,236,0.453,227,0.348,0.487,0.508,7.6,3.6,8.2,1.7,10.3,0.53,0.2,0.97,6.1,104.1,105.1
,Alfonzo McKinnie,Gol,F,26.56,72,13.9,29,13.9,9.2,48,0.563,158,0.582,118,0.356,0.562,0.567,4.7,3.4,13.2,0.4,4,0.26,0.21,0.42,5.3,116.7,99.8
,Ben McLemore,Sac,G,26.16,19,8.3,17.3,19.5,6.7,12,0.667,23,0.348,41,0.415,0.523,0.541,3.9,0.9,5.6,0.2,3.4,0.32,0.16,0.26,4.3,105.3,102
,Jordan McRae,Was,G,28.04,27,12.3,25.7,20.4,9.4,35,0.8,95,0.537,35,0.286,0.508,0.55,5.9,1.5,6.5,1.1,13.2,0.48,0.22,0.56,6.9,108.8,110.1
,Jodie Meeks,Tor,G,31.64,8,13,27.1,17.1,4.8,1,1,21,0.619,18,0.444,0.641,0.647,6.4,1.5,6.2,1,11.5,0.13,0.13,0.25,6.5,127.1,108.6
,Salah Mejri,Dal,C,32.82,36,11.1,23.1,15.8,14.3,32,0.625,78,0.564,34,0.324,0.54,0.559,3.9,3.6,17.6,1,13.2,0.28,0.75,0.58,8.7,114.7,96.3
,De'Anthony Melton,Pho,G,20.87,50,19.7,41,15,21.8,28,0.75,161,0.441,95,0.305,0.447,0.466,5,2.7,7.5,3.2,22.3,1.36,0.46,1.5,7.1,93.7,106.1
,Chimezie Metu,San,F,22.06,29,5,10.4,24.4,18.6,17,0.765,56,0.339,2,0,0.328,0.389,1.8,1.2,13.5,0.4,12,0.21,0.07,0.52,7.6,79.6,101.6
,Khris Middleton,Mil,F,27.66,77,31.1,64.8,25.1,12.1,258,0.837,674,0.485,474,0.378,0.519,0.558,18.3,6,9.8,4.3,20.1,1.04,0.09,2.26,10,108.9,100.7
,CJ Miles,Tor,F-G,32.07,40,14.1,29.3,18.8,8.5,44,0.795,69,0.391,137,0.314,0.444,0.484,5.5,1.7,6.3,0.6,5.2,0.48,0.23,0.53,5,97.2,100.7
,CJ Miles,Mem,F-G,32.07,13,22.6,47.2,18.2,7.5,14,0.929,39,0.462,66,0.364,0.514,0.544,9.3,2.1,5.1,1.1,7.4,0.62,0.38,0.69,4.9,104.3,108.8
,Darius Miller,Nor,F,29.06,69,25.5,53.1,13.4,10.3,71,0.789,120,0.467,364,0.365,0.528,0.55,8.2,1.8,3.7,2.1,10.4,0.58,0.33,0.86,4.9,109.6,109.2
,Malcolm Miller,Tor,F,26.1,10,6.7,14,18.4,3.5,4,0.75,5,0.2,21,0.476,0.615,0.63,3.5,0.5,4,0.1,2.1,0.1,0.1,0.1,3.3,121.8,106.8
,Paul Millsap,Den,F,34.16,70,27.1,56.4,19.6,10.9,249,0.727,507,0.521,159,0.365,0.527,0.569,12.6,7.2,14.5,2,10.6,1.17,0.77,1.36,8.4,116.3,100.2
,Patty Mills,San,G,30.66,82,23.3,48.5,18.5,11.7,105,0.848,259,0.475,404,0.394,0.545,0.572,9.9,2.2,5.2,3,17.6,0.6,0.12,1.15,6.9,112.5,108.4
,Shake Milton,Phi,G,22.54,20,13.4,27.9,15,6.2,7,0.714,43,0.465,44,0.318,0.471,0.483,4.4,1.7,6.7,0.9,9.2,0.4,0.4,0.3,5.6,104.3,103.1
,Nikola Mirotic,Nor,F,28.16,32,28.9,60.2,21.7,7.6,101,0.842,176,0.551,231,0.368,0.552,0.591,16.7,8.3,14.8,1.1,5.3,0.66,0.78,1.16,7.4,116.3,104.7
,Nikola Mirotic,Mil,F,28.16,14,22.9,47.7,20.4,7,23,0.87,48,0.521,87,0.356,0.53,0.562,11.6,5.4,11.9,1.4,8.6,0.71,0.64,0.79,7.8,113.7,100.9
,Donovan Mitchell,Uta,G,22.59,77,33.7,70.3,31.6,11.3,396,0.806,1010,0.468,520,0.362,0.493,0.537,23.8,4.1,6.6,4.2,21.2,1.38,0.4,2.83,8.8,104.6,101.3
,Naz Mitrou-Long,Uta,G,25.69,14,6,12.5,14.7,27.7,2,1,9,0.444,11,0.182,0.35,0.383,1.1,0.4,3.9,1.1,23.3,0.07,0.07,0.57,5.2,81.7,100
,Malik Monk,Cha,G,21.18,73,17.2,35.9,24.5,11.9,102,0.882,256,0.461,330,0.33,0.48,0.518,8.9,1.9,5.8,1.6,14.3,0.51,0.26,1.16,7,99.7,107.8
,Greg Monroe,Tor,C,28.85,38,11.1,23.2,22.4,14.6,61,0.574,157,0.471,4,0,0.46,0.487,4.8,4.1,19.9,0.4,5.4,0.34,0.21,0.84,7.2,100.9,93.4
,Greg Monroe,Bos,C,28.85,2,2.4,5,44.9,0,0,0,5,0.6,0,0,0.6,0.6,3,1.5,33.3,0.5,84.2,0,0,0,21.8,,
,Greg Monroe,Phi,C,28.85,3,17.5,36.5,23,3.5,11,0.909,22,0.636,1,1,0.674,0.736,13.7,4.3,13.1,2.3,23.2,0.33,0,0.33,11.7,154.5,103.3
,E'Twaun Moore,Nor,G,30.12,53,27.6,57.5,17.3,9.6,59,0.763,356,0.506,176,0.432,0.553,0.567,11.9,2.4,4.5,1.9,9.5,0.75,0.15,1.11,5.5,110.1,110.8
,Eric Moreland,Pho,F-C,27.3,1,5,10.4,0,,0,0,0,0,0,0,,,0,3,33.2,0,0,0,0,0,0,,85.1
,Eric Moreland,Tor,F-C,27.3,4,9.6,19.9,13.5,41.7,0,0,6,0.333,1,1,0.5,0.5,1.8,4.3,23.9,1,13.2,0.25,0.25,1.25,8.2,86.9,83.5
,Jaylen Morris,Mil,G,23.56,4,7.1,14.8,17.5,8.4,2,0.5,7,0.429,3,0.333,0.45,0.46,2.5,1.3,8.9,1,18.5,0.5,0,0.25,8.3,99.9,102.1
,Marcus Morris,Bos,F,29.61,75,27.9,58.1,20.9,9.1,173,0.844,455,0.508,389,0.375,0.533,0.568,13.9,6.1,11.7,1.5,7.5,0.57,0.33,1.23,7.2,110.5,102.5
,Markieff Morris,Was,F,29.61,34,26,54.1,19.5,11.5,73,0.781,184,0.516,144,0.333,0.509,0.543,11.5,5.1,10.6,1.8,9.6,0.71,0.59,1.38,7.3,105.9,103.6
,Markieff Morris,Okc,F,29.61,24,16.1,33.6,18,4.1,19,0.737,97,0.423,59,0.339,0.455,0.475,6.5,3.8,12.1,0.8,6.8,0.46,0.08,0.29,6.7,105.8,95
,Monte Morris,Den,G,23.79,82,24,50.1,17.1,6.6,81,0.802,475,0.531,227,0.414,0.56,0.577,10.4,2.4,5.3,3.6,21.7,0.89,0.05,0.63,7.5,124.2,108.6
,Donatas Motiejunas,San,F-C,28.56,3,4.3,8.9,34,30.4,2,0,6,0.5,0,0,0.5,0.436,2,1,12.8,0.3,12.2,0,0.33,1,7.8,72.8,66.2
,Johnathan Motley,Lac,F,23.94,22,7.1,14.8,28.8,15,40,0.6,70,0.557,3,0,0.534,0.563,4.6,2.3,17.3,0.5,11.7,0.23,0.14,0.73,9.8,106.7,94.7
,Emmanuel Mudiay,Nyk,G,23.1,59,27.2,56.7,25.6,14.6,186,0.774,531,0.492,209,0.33,0.493,0.531,14.8,3.3,6.4,3.9,24.2,0.73,0.32,2.39,8.5,102.3,111.5
,Jamal Murray,Den,G,22.13,75,32.6,68,24.9,11.1,223,0.848,759,0.476,414,0.367,0.502,0.538,18.2,4.2,7,4.8,22.3,0.89,0.36,2.11,8.8,109.8,107.4
,Dzanan Musa,Bro,G-F,19.93,9,4.4,9.1,28.7,14.9,2,0,12,0.667,10,0.1,0.432,0.415,2.1,0.6,6.7,0.2,8.5,0.22,0,0.44,5.7,75,109.9
,Mike Muscala,Phi,F-C,27.78,47,22.2,46.2,14.3,12.1,77,0.818,79,0.519,199,0.342,0.514,0.56,7.4,4.3,10.2,1.3,7.9,0.38,0.57,0.91,6.2,112.4,102.8
,Mike Muscala,Lal,F-C,27.78,17,15.6,32.4,14.3,5.5,8,0.875,26,0.577,57,0.368,0.56,0.578,5.9,2.6,8.6,0.8,7.1,0.24,0.71,0.29,5.9,117.2,107.3
,Svi Mykhailiuk,Lal,F,21.84,39,10.8,22.5,15.8,12.5,20,0.6,46,0.37,85,0.318,0.439,0.454,3.3,0.8,4.1,0.8,10.1,0.33,0.03,0.51,4.8,91.9,109.8
,Svi Mykhailiuk,Det,G,21.84,3,6.6,13.8,19.6,11.1,0,0,4,0,4,0.5,0.375,0.375,2,0.7,5.5,1.3,28.8,0.33,0,0.33,7.4,96.3,113.6
,Abdel Nader,Okc,F,25.54,61,11.4,23.7,15.1,10.1,36,0.75,115,0.513,100,0.32,0.498,0.522,4,1.9,8.6,0.3,3.8,0.33,0.2,0.43,4.6,101.9,101.2
,Larry Nance Jr.,Cle,F,26.27,67,26.8,55.8,15.5,15.3,134,0.716,381,0.567,98,0.337,0.554,0.583,9.4,8.2,17,3.2,17.8,1.49,0.6,1.45,9.4,120.4,104.5
,Shabazz Napier,Bro,G,27.74,56,17.6,36.6,24,11.7,138,0.833,207,0.449,228,0.333,0.476,0.534,9.4,1.8,5.3,2.6,22.2,0.75,0.29,1.18,8,108.8,106.4
,Nene,Hou,C-F,36.58,42,13,27.1,11.7,7.4,47,0.66,113,0.531,3,0,0.517,0.552,3.6,2.9,12.5,0.6,6.8,0.43,0.36,0.26,5.7,122.5,96.5
,Raul Neto,Uta,G,26.89,37,12.8,26.7,19,16.6,33,0.848,101,0.535,60,0.333,0.522,0.558,5.3,1.7,7.1,2.5,28.8,0.38,0.11,0.95,8.8,111.2,99.1
,Georges Niang,Uta,F,25.82,59,8.8,18.2,17.8,10.7,24,0.833,76,0.566,105,0.41,0.594,0.613,4,1.5,9.1,0.6,10.1,0.17,0.1,0.39,7,114.8,98.4
,Joakim Noah,Mem,C,34.12,42,16.5,34.4,20.1,16.1,109,0.716,212,0.519,1,0,0.516,0.571,7.1,5.7,19.3,2.1,20.6,0.48,0.74,1.19,10.7,113.8,94.2
,Nerlens Noel,Okc,F-C,25,77,13.7,28.6,13.8,13.4,79,0.684,276,0.587,0,0,0.587,0.608,4.9,4.2,15.9,0.6,5.9,0.86,1.25,0.62,6.7,122.3,91.8
,Dirk Nowitzki,Dal,F,40.81,51,15.6,32.5,22.5,4.3,50,0.78,171,0.415,205,0.312,0.444,0.469,7.3,3.1,10.6,0.7,6.9,0.18,0.35,0.35,6.4,96.6,102.9
,Frank Ntilikina,Nyk,G,20.7,43,21,43.8,16.6,15.9,30,0.767,167,0.371,115,0.287,0.395,0.417,5.7,2,5,2.8,19.7,0.7,0.33,1.3,6,88.1,106.1
,James Nunnally,Min,F,28.74,13,4.9,10.3,15.6,4.2,4,1,8,0.5,13,0.385,0.548,0.593,2.1,0.3,3.3,0.4,10.9,0.08,0,0.08,5.2,124.4,113.1
,James Nunnally,Hou,F,28.74,2,18.8,39.1,15,0,0,0,1,0,12,0.25,0.346,0.346,4.5,0.5,1.5,1,7.3,0,0,0,2.8,83.7,102.6
,Jusuf Nurkic,Por,C,24.63,72,27.4,57.1,24.7,14.6,365,0.773,797,0.523,29,0.103,0.51,0.57,15.6,10.4,20.2,3.2,17.9,0.97,1.43,2.33,11.7,116.5,96.7
,David Nwaba,Cle,G,26.24,51,19.3,40.2,14.6,8.8,85,0.682,188,0.543,75,0.32,0.525,0.556,6.5,3.2,9.2,1.1,8.1,0.71,0.33,0.57,5.9,114.8,108
,Semi Ojeleye,Bos,F,24.35,56,10.6,22.1,14.1,9.8,39,0.615,69,0.565,89,0.315,0.513,0.531,3.3,1.5,7.7,0.4,5.1,0.18,0.07,0.34,4.7,106.3,106.7
,Jahlil Okafor,Nor,C,23.32,59,15.8,33,19.9,11.5,89,0.663,357,0.591,5,0.2,0.587,0.603,8.2,4.7,15.4,0.7,6.3,0.25,0.68,0.88,7.6,115.1,104.7
,Elie Okobo,Pho,G,21.47,53,18.1,37.7,17,18.2,47,0.787,158,0.475,132,0.295,0.46,0.489,5.7,1.9,5.7,2.4,18.7,0.6,0.13,1.3,6.5,94.4,108.9
,Josh Okogie,Min,G,20.61,74,23.7,49.5,15.4,9.8,162,0.728,293,0.464,215,0.279,0.445,0.492,7.7,2.9,6.6,1.2,6.9,1.19,0.45,0.85,5.1,100.9,106.6
,Victor Oladipo,Ind,G,26.93,36,31.9,66.4,27.9,11.2,141,0.73,372,0.47,216,0.343,0.486,0.519,18.8,5.6,9.8,5.2,25.2,1.67,0.31,2.28,10.3,104.1,102.3
,Kelly Olynyk,Mia,F,27.98,79,22.9,47.8,18,15,185,0.822,245,0.604,319,0.354,0.563,0.61,10,4.7,11,1.8,11.4,0.67,0.46,1.44,7.7,113.9,100.1
,Royce O'Neale,Uta,F,25.85,82,20.4,42.5,11,16.2,42,0.762,167,0.569,176,0.386,0.574,0.589,5.2,3.5,9.2,1.5,10,0.66,0.3,0.85,5.9,108.7,98.1
,Kyle O'Quinn,Ind,C,29.04,45,8.2,17.2,20.8,17.6,21,0.81,124,0.548,12,0.083,0.511,0.537,3.5,2.6,17.6,1.2,22.4,0.2,0.56,0.69,10.8,106.5,87.9
,Cedi Osman,Cle,F,24.01,76,32.2,67,18.5,11,181,0.779,469,0.49,374,0.348,0.504,0.537,13,4.7,8.1,2.6,12.1,0.78,0.14,1.5,6.7,106.9,111.9
,Kelly Oubre Jr.,Was,F,23.34,29,26,54.2,20.9,8.1,85,0.8,173,0.526,132,0.311,0.5,0.545,12.9,4.4,9.3,0.7,3.8,0.93,0.69,1.03,5.2,105.6,107.5
,Kelly Oubre Jr.,Pho,F,23.34,40,29.5,61.5,24.7,10.9,159,0.761,330,0.533,206,0.325,0.516,0.556,16.9,4.9,9.2,1.6,8.7,1.45,0.98,1.85,6.9,105.2,109.1
,Zaza Pachulia,Det,C,35.16,68,12.9,26.9,15,19,124,0.782,188,0.452,4,0,0.443,0.541,3.9,3.9,16.5,1.3,14.7,0.46,0.25,0.85,8.4,114.3,92.1
,Jabari Parker,Chi,F,24.07,39,26.7,55.7,25,14.1,108,0.731,350,0.523,114,0.325,0.514,0.543,14.3,6.2,12.6,2.2,13.2,0.62,0.36,2.15,8.7,100.6,106.9
,Jabari Parker,Was,F,24.07,25,27.3,56.9,23.9,17.4,76,0.684,204,0.613,81,0.296,0.565,0.587,15,7.2,14.3,2.7,15.4,0.92,0.64,2.68,9.7,105,106.5
,Tony Parker,Cha,G,36.9,56,17.9,37.3,25.5,12.7,124,0.734,412,0.485,51,0.255,0.474,0.512,9.5,1.5,4.5,3.7,33.4,0.38,0.13,1.34,8.4,105.8,112.5
,Chandler Parsons,Mem,F,30.46,25,19.8,41.3,20.3,14.2,25,0.88,88,0.443,94,0.309,0.453,0.484,7.5,2.8,7.9,1.7,13.4,0.76,0.2,1.28,6.7,91.3,103.2
,Patrick Patterson,Okc,F,30.08,63,13.7,28.5,12,8.7,30,0.633,82,0.439,137,0.336,0.479,0.493,3.6,2.3,8.8,0.5,4.6,0.25,0.21,0.35,4.7,105.7,107.1
,Justin Patton,Phi,C,21.83,3,6.9,14.3,16,0,2,0.5,5,0.4,2,0,0.286,0.317,1.7,2,15.4,1,19.1,0.67,0,0,8.7,99.6,83
,Chris Paul,Hou,G,33.93,58,32,66.7,22.5,15.7,203,0.862,365,0.479,355,0.358,0.508,0.56,15.6,4.6,7.9,8.2,39.3,1.97,0.31,2.6,10.5,118.5,104.9
,Cameron Payne,Chi,G,24.67,31,17.3,36,17.4,16,25,0.88,109,0.486,59,0.271,0.458,0.492,5.7,1.7,5.4,2.7,22.4,0.65,0.19,1.1,6.9,99.7,108.2
,Cameron Payne,Cle,G,24.67,9,19.6,40.7,18.1,15.1,16,0.688,30,0.6,25,0.36,0.573,0.596,8.2,2.1,6,2.6,20,0.89,0.33,1.22,7.2,114.5,110.8
,Gary Payton II,Was,G,26.36,3,5.3,11,24,11.1,0,0,6,0.667,2,0.5,0.688,0.688,3.7,0.7,6.8,1.3,45.5,1,0.33,0.33,11.3,135.4,97.7
,Elfrid Payton,Nor,G,25.13,42,29.8,62,18.3,20.1,74,0.743,307,0.476,105,0.314,0.475,0.502,10.6,5.3,9.2,7.6,33.6,1.05,0.4,2.67,10.1,105.8,109.6
,Theo Pinson,Bro,G-F,23.43,18,11.7,24.5,20,17.9,22,0.864,27,0.481,46,0.261,0.425,0.49,4.5,2,8.9,1.2,14,0.33,0,1,7.6,93.9,105.1
,Mason Plumlee,Den,F-C,29.1,82,21.1,44,16.2,19.4,198,0.561,432,0.602,10,0.2,0.595,0.602,7.8,6.4,16.4,3,19.5,0.79,0.93,1.55,10.1,117.3,94.5
,Miles Plumlee,Atl,C,30.61,18,9.6,20,16.7,14,30,0.533,48,0.667,0,0,0.667,0.654,4.4,2.2,11.9,0.9,14.7,0.33,0.22,0.56,8.6,125.4,110
,Jakob Poeltl,San,C,23.49,77,16.5,34.4,13.1,12.7,92,0.533,289,0.647,0,0,0.647,0.642,5.5,5.3,17.6,1.2,10,0.38,0.9,0.62,7.9,135.6,102.6
,Quincy Pondexter,San,F,31.09,53,5.5,11.5,13.5,14.5,42,0.81,40,0.575,18,0.333,0.552,0.641,1.8,0.9,8.6,0.5,10.6,0.21,0.02,0.25,6.8,123.5,104.8
,Otto Porter Jr.,Was,F,25.86,41,29.1,60.5,18.2,7.8,64,0.766,266,0.515,176,0.369,0.531,0.551,12.6,5.7,10.6,2,9.6,1.54,0.54,0.98,7.2,110.1,108.8
,Otto Porter Jr.,Chi,F,25.86,15,32.8,68.4,21.3,10.4,32,0.906,121,0.479,80,0.488,0.58,0.609,17.5,5.5,9.2,2.7,13,1.2,0.6,1.67,7.8,115.2,110.1
,Bobby Portis,Chi,F,24.16,22,24.1,50.2,26.5,9,50,0.78,199,0.477,72,0.375,0.5,0.529,14.1,7.2,16.3,1.3,9.3,0.5,0.36,1.32,8.5,105.6,102.9
,Bobby Portis,Was,F,24.16,28,27.4,57.1,23.3,10.6,47,0.809,238,0.458,119,0.403,0.507,0.53,14.3,8.6,17.1,1.5,8.5,0.86,0.46,1.61,8.3,104.6,103.4
,Dwight Powell,Dal,F-C,27.73,77,21.6,45,17.1,10,254,0.772,358,0.701,127,0.307,0.638,0.683,10.6,5.3,13.2,1.5,10.7,0.56,0.66,0.86,8.1,135.7,100.1
,Norman Powell,Tor,F-G,25.88,60,18.8,39.1,19,13.1,75,0.827,230,0.543,170,0.4,0.568,0.596,8.6,2.3,6.7,1.5,11.6,0.65,0.22,1.08,6.6,110.2,103
,Alex Poythress,Atl,F,25.6,21,14.5,30.2,14.2,12.2,29,0.621,58,0.534,23,0.391,0.549,0.571,5.1,3.6,13.1,0.8,7.7,0.19,0.48,0.62,6.8,116.8,102.8
,Taurean Prince,Atl,F,25.06,55,28.2,58.8,19.5,13.4,116,0.819,279,0.498,315,0.39,0.545,0.575,13.5,3.6,6.7,2.1,11.1,0.96,0.35,1.82,6.6,106.5,109.5
,Zhou Qi,Hou,F-C,23.23,1,1,2.1,43.4,0,0,0,1,1,0,0,1,1,2,0,0,0,0,0,0,0,0,,
,Ivan Rabb,Mem,F,22.18,49,14.7,30.6,17.2,12.6,69,0.71,197,0.574,15,0.2,0.554,0.586,5.8,4.2,16,1.1,12,0.35,0.29,0.71,8.1,118.3,98.3
,Chasson Randle,Was,G,26.18,49,15.2,31.6,16.4,15,62,0.694,102,0.441,115,0.4,0.525,0.555,5.5,1.1,4.1,2,17.5,0.51,0.06,0.88,6,107.7,106.9
,Julius Randle,Nor,F,24.37,73,30.6,63.7,27.8,13.8,487,0.731,893,0.564,195,0.344,0.556,0.601,21.4,8.7,14.7,3.1,15.8,0.71,0.62,2.85,10.9,113.5,103.5
,JJ Redick,Phi,G,34.8,76,31.3,65.2,21.8,8,254,0.894,423,0.501,605,0.397,0.556,0.601,18,2.4,4.1,2.7,12.9,0.42,0.21,1.3,6.2,118.2,110.4
,Davon Reed,Ind,G,23.83,10,4.7,9.8,12.1,7.7,0,0,8,0.375,4,0.5,0.5,0.5,1.2,0.6,7.1,0.3,8.5,0.1,0,0.1,5.1,108.2,106.3
,Cameron Reynolds,Min,G,24.17,19,13.7,28.4,14.1,5.7,9,0.889,27,0.444,51,0.412,0.558,0.58,5,1.6,6.4,0.7,6.8,0.32,0.11,0.26,5.2,118,107.4
,Josh Richardson,Mia,F,25.57,73,34.8,72.5,20.9,9.1,231,0.861,567,0.457,459,0.357,0.492,0.536,16.6,3.6,5.5,4.1,17.9,1.08,0.45,1.55,7.2,111.6,105
,Malachi Richardson,Tor,G,23.26,22,4.7,9.8,16.3,20.4,5,0.8,4,0.25,25,0.32,0.448,0.481,1.4,0.6,6.8,0,0,0.05,0,0.36,0,78.8,100.2
,Austin Rivers,Was,G,26.69,29,23.5,49.1,15.5,14,46,0.543,88,0.489,106,0.311,0.477,0.49,7.2,2.4,5.6,2,11.2,0.62,0.34,1.21,5.5,95.3,108.3
,Austin Rivers,Hou,G,26.69,47,28.6,59.6,13.9,7.4,49,0.51,157,0.541,221,0.321,0.507,0.511,8.7,1.9,3.7,2.3,11.7,0.62,0.28,0.68,4.7,109.2,106.9
,Glenn Robinson III,Det,G-F,25.26,47,13,27,14.9,8.5,40,0.8,114,0.491,61,0.295,0.474,0.514,4.2,1.5,6.4,0.4,5.1,0.3,0.17,0.38,4.2,105,106.3
,Devin Robinson,Was,F,24.1,7,13.5,28.1,18,5,14,0.643,30,0.633,2,0,0.594,0.616,6.7,2.9,11.5,0.9,9.5,0.57,0.86,0.29,7.7,127.9,104.4
,Duncan Robinson,Mia,F,24.97,15,10.7,22.3,14,7.6,6,0.667,11,0.727,35,0.286,0.5,0.514,3.3,1.3,6.3,0.3,4.4,0.33,0,0.27,4.1,102.4,105.5
,Jerome Robinson,Lac,G,22.13,33,9.7,20.2,16.6,9.5,9,0.667,53,0.491,57,0.316,0.482,0.491,3.4,1.2,6.6,0.6,8.3,0.33,0.09,0.36,5.6,96.5,100.4
,Mitchell Robinson,Nyk,C,21.03,66,20.6,42.9,12.1,9.1,135,0.6,291,0.694,0,0,0.694,0.692,7.3,6.4,16.3,0.6,4.2,0.79,2.44,0.53,5.9,141.4,97.9
,Rajon Rondo,Lal,G,33.13,46,29.8,62,17.4,22.1,36,0.639,290,0.428,142,0.359,0.464,0.473,9.2,5.3,9.2,8,35.5,1.2,0.15,2.76,9.8,100.5,105.2
,Derrick Rose,Min,G,30.52,51,27.3,56.9,27.3,9.1,160,0.856,607,0.509,146,0.37,0.518,0.557,18,2.7,5.4,4.3,26.3,0.59,0.24,1.61,8.7,113.6,114.7
,Terrence Ross,Orl,G-F,28.18,81,26.5,55.3,23.9,7.5,144,0.875,461,0.484,566,0.383,0.534,0.561,15.1,3.5,7,1.7,9.9,0.89,0.36,1.1,6.8,108.1,106.3
,Terry Rozier,Bos,G,25.07,79,22.7,47.2,18.6,8.9,93,0.785,328,0.424,337,0.353,0.477,0.501,9,3.9,9.1,2.9,17.7,0.86,0.25,0.87,8.2,106.3,105.7
,Ricky Rubio,Uta,G,28.47,68,27.9,58.2,22.7,17.8,228,0.855,476,0.454,254,0.311,0.458,0.52,12.7,3.6,6.9,6.1,32.1,1.35,0.15,2.65,9.4,105.1,99
,D'Angelo Russell,Bro,G,23.13,81,30.2,63,31.9,13.6,205,0.78,882,0.482,635,0.369,0.512,0.533,21.1,3.9,6.8,7,41.3,1.22,0.25,3.12,11,106.8,107
,Domantas Sabonis,Ind,F,22.94,74,24.8,51.8,23.5,16.2,291,0.715,685,0.59,17,0.529,0.595,0.628,14.1,9.4,20.9,2.9,18.1,0.68,0.41,2.16,11.7,118.5,92.8
,Brandon Sampson,Chi,G,21.95,14,15.3,31.9,15.2,16.1,6,0.667,31,0.548,29,0.379,0.558,0.567,5.1,1.1,4.1,0.7,6.8,0.57,0.21,0.86,4.1,98.6,109
,JaKarr Sampson,Chi,F,26.06,4,31.8,66.3,23.1,5.9,21,0.81,40,0.6,14,0.357,0.583,0.633,20,8,13.7,1,5.3,1,0.75,1,6.8,123.4,108.1
,Dario Saric,Phi,F,25.01,13,30.5,63.4,18,14.7,30,0.9,61,0.443,71,0.296,0.443,0.496,11.1,6.6,11.5,2,8.9,0.31,0.23,1.92,6.9,99,103.6
,Dario Saric,Min,F,25.01,68,23.9,49.8,17.8,10.5,120,0.875,311,0.511,253,0.383,0.54,0.579,10.5,5.4,12.2,1.5,8.8,0.6,0.12,1.06,7.4,116.2,106.9
,Tomas Satoransky,Was,G-F,27.45,80,27,56.3,14.1,16.6,160,0.819,368,0.524,163,0.393,0.544,0.589,8.9,3.5,6.9,5,24.6,1.04,0.18,1.5,8,120.7,110.3
,Dennis Schroder,Okc,G,25.57,79,29.3,61,24.2,12.4,227,0.819,740,0.45,364,0.341,0.47,0.508,15.5,3.6,6.3,4.1,20.4,0.81,0.15,2.16,8.3,103,104
,Mike Scott,Lac,F,30.74,52,14.4,30,14.9,9.9,18,0.667,97,0.412,133,0.391,0.513,0.521,4.8,3.3,12.3,0.8,8.1,0.33,0.15,0.5,6.5,104.6,101.3
,Mike Scott,Phi,F,30.74,27,24,50,13.8,8,15,0.667,71,0.38,119,0.412,0.529,0.537,7.8,3.8,8.3,0.8,4.6,0.33,0.19,0.63,4.8,106.7,103.7
,Thabo Sefolosha,Uta,F,34.94,50,12.2,25.4,12.9,13.6,22,0.636,71,0.521,78,0.436,0.591,0.599,3.8,2.5,10.9,0.5,6.1,0.86,0.1,0.5,5.5,107.3,98.6
,Wayne Selden,Mem,G-F,24.53,32,14.2,29.6,19.3,11.7,29,0.759,98,0.459,63,0.317,0.466,0.495,5.4,1.3,5.3,1.1,12.4,0.31,0.19,0.72,5.6,98.1,104.4
,Wayne Selden,Chi,G-F,24.53,43,22.9,47.7,18,13.8,63,0.714,210,0.457,112,0.313,0.461,0.489,8,3.2,7.6,1.7,10.8,0.53,0.16,1.3,6.1,94.1,108.8
,Collin Sexton,Cle,G,20.27,82,31.8,66.2,25.2,12.4,255,0.839,910,0.44,296,0.402,0.48,0.52,16.7,2.9,5.1,3,15.3,0.54,0.07,2.27,6.6,101.8,114.8
,Landry Shamet,Phi,G,22.08,54,20.5,42.8,15,6.6,54,0.815,102,0.529,245,0.404,0.584,0.606,8.3,1.4,3.7,1.1,7.5,0.44,0.15,0.48,4.6,119.4,105.9
,Landry Shamet,Lac,G,22.08,25,27.8,57.8,15,7.7,39,0.795,59,0.322,151,0.45,0.576,0.601,10.9,2.2,4.3,2.3,11.5,0.52,0.08,0.76,5.5,120.1,110.1
,Iman Shumpert,Sac,G,28.79,42,26.2,54.5,15.2,9.4,41,0.829,146,0.404,202,0.366,0.489,0.511,8.9,3.1,6.1,2.2,10.7,1.12,0.48,0.9,6,104.8,107.3
,Iman Shumpert,Hou,G,28.79,20,19.1,39.8,12.7,10.7,4,0.5,27,0.481,71,0.296,0.454,0.456,4.6,2.7,7.8,1.1,7.6,0.55,0.2,0.6,5,96.2,105.5
,Pascal Siakam,Tor,F,25.03,80,31.8,66.3,20.8,12.4,302,0.785,731,0.602,214,0.369,0.591,0.628,16.9,6.9,11.6,3.1,14.6,0.93,0.64,1.91,9,120.7,100.6
,Jordan Sibert,Atl,G,26.69,1,4.2,8.8,9.7,0,0,0,0,0,1,1,1.5,1.5,3,0,0,0,0,0,0,0,0,300,124.5
,Ben Simmons,Phi,G-F,22.72,79,34.2,71.2,22.1,19.3,428,0.6,954,0.566,6,0,0.563,0.582,16.9,8.8,13.7,7.7,34.2,1.42,0.77,3.47,12.2,113.8,103.1
,Jonathon Simmons,Orl,F,29.57,41,20.6,42.9,19.3,15,72,0.778,203,0.419,83,0.229,0.397,0.445,6.9,2.5,6.4,2.3,15.7,0.41,0.34,1.37,6.6,91.5,105
,Jonathon Simmons,Phi,F,29.57,15,14.6,30.4,16.6,13.8,25,0.64,43,0.465,21,0.429,0.523,0.553,5.5,1.7,6.3,2.2,20.7,0.73,0.07,0.8,7.5,112.2,103.1
,Kobi Simmons,Cle,G,21.77,1,1.8,3.8,0,,0,0,0,0,0,0,,,0,0,0,0,0,0,0,0,0,,
,Anfernee Simons,Por,G,19.84,20,7,14.6,24.4,13.6,16,0.563,34,0.529,29,0.345,0.524,0.535,3.8,0.7,4.9,0.7,13.7,0.05,0,0.55,7,102.2,110.3
,Marcus Smart,Bos,G,25.1,80,27.5,57.3,14.6,16.5,129,0.806,221,0.511,346,0.364,0.533,0.568,8.9,2.9,5.7,4,19.1,1.79,0.35,1.54,6.8,113,102.3
,Dennis Smith Jr.,Dal,G,21.38,32,28.4,59.1,23.3,20.1,82,0.695,233,0.489,125,0.344,0.499,0.525,12.9,3,5.7,4.3,24.1,1.25,0.34,3.09,7.7,96.6,104.4
,Dennis Smith Jr.,Nyk,G,21.38,21,28.6,59.5,27,14.2,74,0.568,210,0.462,83,0.289,0.454,0.473,14.7,2.8,5.1,5.4,32.2,1.29,0.43,2.57,8.5,96.6,109.7
,Ish Smith,Det,G,30.77,56,22.3,46.5,19.9,10.5,62,0.758,355,0.454,135,0.326,0.463,0.484,8.9,2.6,6.4,3.6,25.4,0.52,0.2,1.09,7.8,105.5,104.6
,Jason Smith,Was,F-C,33.11,12,10.8,22.5,16.1,14.2,12,0.833,27,0.407,10,0.4,0.459,0.52,3.7,3.1,15.5,1,12.3,0.08,0.42,0.58,8.4,110.4,100
,Jason Smith,Mil,F-C,33.11,6,6.8,14.1,19.5,26.5,2,1,4,0.25,9,0.333,0.423,0.468,2.2,1.8,13.8,0.2,3.1,0.33,0.33,0.83,5.4,80,91
,Jason Smith,Nor,F-C,33.11,2,10.2,21.1,22,9.2,2,1,2,0,7,0.286,0.333,0.405,4,2,10.2,0.5,6.1,0,0,0.5,6.2,93.3,104
,JR Smith,Cle,G-F,33.59,11,20.2,42.1,18.6,11.7,10,0.8,40,0.375,39,0.308,0.418,0.444,6.7,1.6,4.5,1.9,13.8,1,0.27,1,5.4,91.3,110.8
,Zhaire Smith,Phi,G,19.85,6,18.4,38.4,16.5,13.8,8,0.75,18,0.444,16,0.375,0.5,0.533,6.7,2.2,6.2,1.7,12.3,0.33,0.33,1,6.4,104.8,107.7
,Tony Snell,Mil,G,27.42,74,17.6,36.7,12.9,5.7,42,0.881,157,0.522,204,0.397,0.564,0.585,6,2.1,6.1,0.9,6.7,0.35,0.24,0.31,5.1,119.1,103.6
,Ray Spalding,Dal,F,22.09,1,0.9,1.9,0,,0,0,0,0,0,0,,,0,0,0,0,0,0,0,0,0,,
,Ray Spalding,Pho,F,22.09,13,11.3,23.5,17.9,14.7,12,0.333,44,0.568,3,0,0.532,0.516,4.2,3.7,18.1,0.4,5.2,0.69,0.62,0.69,6.5,99.9,98.2
,Omari Spellman,Atl,F,21.72,46,17.5,36.4,14.9,10.5,45,0.711,116,0.466,128,0.344,0.492,0.516,5.9,4.2,12.7,1,8,0.54,0.57,0.67,6.7,110.4,109.4
,Nik Stauskas,Por,G,25.51,44,15.3,31.9,17.9,14,36,0.889,104,0.51,125,0.344,0.513,0.545,6.1,1.8,6.3,1.4,12.6,0.32,0.09,0.91,6.5,106.3,110.5
,Nik Stauskas,Cle,G,25.51,24,14.3,29.7,16.9,8.3,28,0.893,46,0.283,63,0.429,0.491,0.544,5.5,2,7.6,0.8,8,0.29,0.13,0.46,5.8,112,115.2
,DJ Stephens,Mem,G-F,28.31,1,6.7,14,20,33.3,0,0,2,0.5,0,0,0.5,0.5,2,0,0,0,0,1,0,1,0,59.7,110.2
,Lance Stephenson,Lal,G,28.6,68,16.5,34.4,20.3,15.5,73,0.685,235,0.472,197,0.371,0.51,0.529,7.2,3.2,9.9,2.1,17.4,0.6,0.1,1.25,8.8,101.2,102.4
,Edmond Sumner,Ind,G,23.28,23,9.1,19,17.6,11.8,24,0.625,37,0.405,27,0.259,0.398,0.443,2.9,1,6.3,0.4,6.3,0.52,0.22,0.43,4.6,91.2,97.9
,Caleb Swanigan,Por,F,21.98,18,8.1,16.8,18.4,25.4,7,0.857,39,0.333,5,0.2,0.33,0.372,1.9,2.9,19.1,0.4,6.2,0.22,0,0.89,6.4,74.7,94.2
,Caleb Swanigan,Sac,F,21.98,3,11,22.9,14.9,16.8,2,0,7,0.571,2,0,0.444,0.405,2.7,4,18.7,1.3,15.6,0.67,0.33,0.67,8.8,96.8,91.7
,Jayson Tatum,Bos,F,21.11,79,31.1,64.7,22.1,9.7,226,0.854,725,0.483,311,0.373,0.506,0.546,15.7,6,10.3,2.1,10,1.06,0.73,1.54,7.5,107,104.2
,Jeff Teague,Min,G,30.83,42,30.1,62.7,19.3,16.7,153,0.804,311,0.453,105,0.333,0.465,0.528,12.1,2.5,4.5,8.2,37.6,1.05,0.43,2.31,8.3,112.4,110.8
,Garrett Temple,Mem,G-F,32.93,49,31.2,65.1,13.8,11.4,76,0.75,177,0.52,210,0.352,0.525,0.551,9.4,3.1,5.6,1.4,6.6,1.02,0.49,1.1,4.4,102.9,105
,Garrett Temple,Lac,G-F,32.93,26,19.6,40.9,11.1,11.9,31,0.742,51,0.51,54,0.296,0.476,0.518,4.7,2.5,6.6,1.4,9.4,1.04,0.19,0.62,5.2,106.9,100.3
,Milos Teodosic,Lac,G,32.06,15,10,20.8,18,32.8,7,0.571,13,0.538,27,0.37,0.55,0.557,3.2,1,5.3,2.1,27.9,0.2,0.07,1.4,7.5,92.7,98.2
,Jared Terrell,Min,G,24.16,14,7.9,16.5,19.2,19.7,6,0.5,21,0.381,17,0.235,0.368,0.381,2.2,0.4,2.9,0.9,14.4,0.21,0.14,0.71,4.7,74.8,104.2
,Emanuel Terry,Pho,F,23.64,2,9.8,20.3,19.6,22.5,2,0.5,6,0.667,0,0,0.667,0.654,4.5,3,17,0.5,8.2,1.5,0,1,7.7,107.9,88.6
,Emanuel Terry,Mia,F,23.64,1,3.3,6.9,24.4,0,2,0.5,1,0,0,0,0,0.266,1,1,16.1,1,36.8,0,0,0,12.1,,
,Daniel Theis,Bos,F,27.02,66,13.8,28.6,15.8,9.9,76,0.737,199,0.603,67,0.388,0.598,0.624,5.7,3.4,13.2,1,10.5,0.32,0.62,0.5,7.8,128.9,93
,Isaiah Thomas,Den,G,30.17,12,15.1,31.4,30.4,14,27,0.63,56,0.393,43,0.279,0.404,0.437,8.1,1.1,3.9,1.9,18.6,0.5,0.08,1.5,6.8,88.4,105.2
,Khyri Thomas,Det,G,22.92,26,7.5,15.7,17.2,5.1,11,0.636,34,0.353,35,0.286,0.391,0.413,2.3,0.8,5.6,0.3,5.9,0.27,0.19,0.15,4.4,90.9,101.3
,Lance Thomas,Nyk,F,30.96,46,17,35.5,12.9,10.1,36,0.75,118,0.475,79,0.278,0.452,0.482,4.5,2.5,7.8,0.6,5,0.37,0.15,0.52,4.4,97.5,106.7
,Klay Thompson,Gol,G,29.17,78,34,70.8,25.5,7.2,158,0.816,802,0.516,599,0.402,0.554,0.571,21.5,3.8,6,2.4,10.5,1.06,0.6,1.46,6.8,109.9,109.3
,Tristan Thompson,Cle,F-C,28.08,43,27.9,58,17.7,12.1,106,0.642,380,0.529,0,0,0.529,0.551,10.9,10.2,20.4,2,11.2,0.63,0.37,1.37,8.7,118,110.1
,Sindarius Thornwell,Lac,G,24.4,64,4.9,10.2,11.3,23.8,34,0.735,34,0.412,15,0.2,0.378,0.485,1,0.7,7.4,0.3,7.2,0.22,0.11,0.31,4.9,87.9,100.8
,Anthony Tolliver,Min,F,33.86,65,16.6,34.6,12.5,11.2,60,0.783,44,0.409,215,0.377,0.539,0.571,5,2.7,8.8,0.7,5.5,0.26,0.32,0.55,5.1,109.8,108.2
,Karl-Anthony Towns,Min,F-C,23.4,77,33,68.9,29,13.7,450,0.836,960,0.561,355,0.4,0.572,0.621,24.4,12.4,20.1,3.4,17.2,0.88,1.62,3.13,12.2,118.5,100.6
,Gary Trent Jr.,Por,G,20.23,15,7.4,15.3,21.8,7,7,0.429,29,0.379,21,0.238,0.37,0.377,2.7,0.7,5.3,0.3,6.2,0.07,0.13,0.27,4.5,80.5,112.6
,Allonzo Trier,Nyk,G,23.23,64,22.8,47.5,21.4,15.7,223,0.803,386,0.466,132,0.394,0.498,0.564,10.9,3.1,7,1.9,12.9,0.44,0.22,1.8,7,104.3,109.9
,PJ Tucker,Hou,F,33.93,82,34.2,71.2,9.5,10.3,59,0.695,137,0.445,387,0.377,0.534,0.546,7.3,5.8,9.4,1.2,4.6,1.62,0.45,0.77,4.3,114.9,104.4
,Evan Turner,Por,G-F,30.45,73,22,45.8,15.9,18.9,106,0.708,391,0.494,53,0.208,0.472,0.503,6.8,4.5,10.9,3.9,23.6,0.45,0.25,1.56,9,104.5,106
,Myles Turner,Ind,F-C,23.05,74,28.6,59.7,20,10.3,201,0.736,585,0.52,196,0.388,0.535,0.566,13.3,7.2,13.9,1.6,8,0.81,2.69,1.35,7.5,110.1,98.9
,Ekpe Udoh,Uta,C-F,31.89,51,6.3,13.1,13.1,13.2,30,0.633,72,0.694,0,0,0.694,0.698,2.3,1.8,15.4,0.5,12.8,0.18,0.61,0.25,8.1,136.2,96.1
,Tyler Ulis,Chi,G,23.26,1,0.8,1.7,0,,0,0,0,0,0,0,,,0,0,0,0,0,0,0,0,0,,
,Jonas Valanciunas,Tor,C,26.93,30,18.8,39.2,25.9,11.8,94,0.819,228,0.614,30,0.3,0.595,0.641,12.8,7.2,20.6,1,8.5,0.4,0.77,1.33,9.6,121.3,92.1
,Jonas Valanciunas,Mem,C,26.93,19,27.7,57.8,31.4,13.8,91,0.769,261,0.563,18,0.278,0.554,0.594,19.9,10.7,21.6,2.2,15.7,0.32,1.58,2.68,11.2,109.4,96.5
,Jarred Vanderbilt,Den,F,20.02,16,4.3,9,19.4,25.5,10,0.6,18,0.5,1,0,0.474,0.513,1.5,1.4,18,0.2,5.8,0.38,0.06,0.5,7,90.2,94.1
,Fred VanVleet,Tor,G,25.12,64,27.5,57.3,17.9,11.1,115,0.843,304,0.441,296,0.378,0.503,0.539,11,2.6,5.1,4.8,23.9,0.89,0.3,1.27,7.5,114.2,106.4
,Noah Vonleh,Nyk,F,23.63,68,25.3,52.7,14.8,14.7,156,0.712,303,0.531,137,0.336,0.523,0.561,8.4,7.8,16.1,1.9,11.1,0.66,0.75,1.29,7.9,111.7,103.5
,Nikola Vucevic,Orl,C,28.46,80,31.4,65.4,28,9.9,227,0.789,1123,0.549,231,0.364,0.549,0.573,20.8,12,20.5,3.8,21.9,1.01,1.14,1.99,12.5,115.4,101
,Dwyane Wade,Mia,G,37.23,72,26.2,54.5,27.9,13.5,233,0.708,698,0.473,261,0.33,0.479,0.51,15,4,8,4.2,26.5,0.82,0.53,2.31,9.6,102.4,105.9
,Moritz Wagner,Lal,C,21.96,43,10.4,21.6,21.7,16.7,53,0.811,94,0.521,77,0.286,0.48,0.533,4.8,2,9.8,0.6,7.4,0.23,0.3,0.91,6.9,96.4,100.4
,Dion Waiters,Mia,G,27.34,44,25.9,53.9,21.2,11.4,44,0.5,190,0.468,289,0.377,0.527,0.529,12,2.7,5.5,2.8,16.4,0.66,0.2,1.45,6.9,102.8,106.7
,Lonnie Walker IV,San,G,20.32,17,6.9,14.4,20.3,7.4,10,0.8,33,0.333,13,0.385,0.402,0.446,2.6,1,7.9,0.5,10.3,0.41,0.12,0.24,6.3,92.7,105.5
,Kemba Walker,Cha,G,28.93,82,34.9,72.7,31.5,10.1,450,0.844,954,0.494,730,0.356,0.511,0.558,25.6,4.4,6.8,5.9,29.3,1.24,0.41,2.57,10,112.3,111.3
,Tyrone Wallace,Lac,G,24.84,62,10.1,21.1,18.7,12.9,57,0.526,198,0.444,19,0.211,0.433,0.45,3.5,1.6,8.5,0.7,9.7,0.34,0.11,0.58,6.2,89.7,101.2
,John Wall,Was,G,28.6,32,34.5,71.9,28.8,16.3,175,0.697,382,0.508,169,0.302,0.491,0.528,20.7,3.6,5.7,8.7,39.2,1.53,0.91,3.81,10,104.1,111.5
,Brad Wanamaker,Bos,G,29.71,36,9.5,19.8,17.2,13.9,28,0.857,66,0.515,39,0.41,0.552,0.597,3.9,1.1,6.4,1.6,22.5,0.33,0.06,0.53,8,118.1,102.4
,T.J. Warren,Pho,F,25.6,43,31.6,65.9,22.7,7.2,124,0.815,431,0.51,180,0.428,0.549,0.58,18,4,7,1.5,7.7,1.19,0.67,1.21,6,111.4,111.1
,Julian Washburn,Mem,F-G,27.31,18,14.1,29.4,10,12.3,4,0.75,24,0.458,24,0.208,0.385,0.402,2.2,2.3,9.1,0.8,7.7,0.72,0.11,0.39,4.5,89.2,105.4
,Yuta Watanabe,Mem,G,24.49,15,11.6,24.2,15.7,9.8,10,0.7,35,0.371,16,0.125,0.314,0.352,2.6,2.1,10,0.5,6.6,0.27,0.07,0.4,4.8,76.1,106.5
,Thomas Welsh,Den,C,23.18,11,3.3,6.9,17.5,6.7,2,0.5,6,0.667,7,0.429,0.654,0.648,1.6,0.4,6,0.5,20.3,0,0,0.09,8.3,,
,Russell Westbrook,Okc,G,30.41,73,36,75,30.9,16.2,450,0.658,1062,0.481,411,0.29,0.468,0.501,22.9,11.1,15.9,10.7,46.5,1.95,0.45,4.44,15.5,105.2,97.2
,Derrick White,San,G,24.78,67,25.8,53.7,17.7,14,123,0.772,401,0.529,142,0.338,0.523,0.555,9.9,3.7,7.8,3.9,21,1,0.7,1.45,8.1,111.2,104.7
,Okaro White,Was,F,26.66,3,2.1,4.4,13.5,0,0,0,0,0,2,0,0,0,0,0.7,17.2,0,0,0,0,0,0,,
,Hassan Whiteside,Mia,C,29.83,72,23.3,48.4,22.6,10.9,243,0.449,665,0.58,16,0.125,0.571,0.563,12.3,11.4,26,0.8,5.6,0.64,1.89,1.33,8.3,112.4,93.5
,Andrew Wiggins,Min,G-F,24.13,73,34.8,72.6,24.4,9.4,296,0.699,862,0.441,348,0.339,0.46,0.493,18.1,4.8,7.4,2.5,10.9,0.97,0.66,1.9,6.9,99.8,111.4
,Robert Williams III,Bos,C-F,21.48,31,9.1,19,10.3,14.8,15,0.6,51,0.706,0,0,0.706,0.703,2.6,2.6,15.3,0.2,3.3,0.29,1.29,0.32,4.9,133.5,96.7
,Alan Williams,Bro,F-C,26.2,5,5.1,10.6,26,6.3,4,0.5,12,0.667,1,0,0.615,0.61,3.6,3.8,39.1,0.6,23,0.2,0,0.2,15.8,128.4,91.5
,C.J. Williams,Min,G,29.18,15,8.5,17.8,13.3,12.4,1,0,19,0.632,16,0.313,0.557,0.55,2.6,0.5,3.3,0.8,12.9,0.4,0,0.33,4.8,107.1,104.9
,Johnathan Williams,Lal,F,23.89,24,15.5,32.3,16.4,10.9,48,0.563,108,0.602,2,0,0.591,0.599,6.5,4.1,13.7,0.5,4.9,0.33,0.29,0.67,6.1,121.3,96.8
,Kenrich Williams,Nor,G-F,24.36,46,23.5,48.9,12.3,11.1,19,0.684,123,0.447,156,0.333,0.477,0.485,6.1,4.8,10.5,1.8,9.5,0.96,0.41,0.78,6.4,105.1,106.4
,Lou Williams,Lac,G,32.46,75,26.6,55.4,32.5,11.8,484,0.876,847,0.447,292,0.36,0.471,0.554,20,3,5.9,5.3,33,0.75,0.15,2.41,10.3,111.8,112.1
,Marvin Williams,Cha,F,32.81,75,28.4,59.3,14.9,6.3,86,0.767,270,0.5,382,0.366,0.529,0.548,10.1,5.4,10.3,1.2,6.1,0.92,0.8,0.61,5.7,112.7,107.2
,Troy Williams,Sac,F,24.28,21,14.9,31,15,7.9,15,0.6,54,0.556,44,0.318,0.52,0.531,5.3,2.8,9.7,0.5,4.7,0.48,0.38,0.43,5.2,106.5,102.7
,D.J. Wilson,Mil,F,23.14,48,18.4,38.3,14.4,10.5,47,0.553,124,0.468,127,0.362,0.506,0.515,5.8,4.6,12.7,1.1,7.6,0.38,0.42,0.67,6.7,106.2,98.1
,Justise Winslow,Mia,F,23.04,66,29.7,61.9,20.8,14.9,137,0.628,493,0.462,256,0.375,0.497,0.513,12.6,5.4,9.6,4.3,21.9,1.09,0.29,2.15,8.9,102.6,101.5
,Christian Wood,Mil,F,23.54,13,4.7,9.9,23.6,8.7,15,0.667,20,0.45,5,0.6,0.54,0.585,2.8,1.5,16.5,0.2,4.6,0,0,0.23,8,115.2,102.9
,Christian Wood,Nor,F,23.54,8,23.6,49.2,27,11.3,41,0.756,71,0.606,21,0.286,0.565,0.613,16.9,7.9,17.3,0.8,4.9,0.88,1.25,1.75,8,113.9,105
,Delon Wright,Tor,G,26.96,49,18.3,38.1,17.1,10.4,61,0.869,203,0.478,90,0.333,0.485,0.527,6.9,2.6,7.5,2.2,16.8,0.94,0.31,0.76,7.4,113.2,105.2
,Delon Wright,Mem,G,26.96,26,30.8,64.3,19.2,11.6,89,0.742,187,0.508,78,0.256,0.472,0.519,12.2,5.5,9.9,5.3,26.9,1.62,0.58,1.54,9.2,111.2,105.1
,Guerschon Yabusele,Bos,F,23.32,41,6.1,12.7,17.5,14.8,22,0.682,49,0.531,28,0.321,0.513,0.542,2.3,1.3,11.3,0.4,8.2,0.2,0.17,0.37,7,108.4,99.1
,Nick Young,Den,G-F,33.86,4,9.3,19.3,12.7,18.2,0,0,1,0,8,0.375,0.5,0.5,2.3,0.3,1.5,0.5,6.8,0,0.25,0.5,3,88.9,106.2
,Thaddeus Young,Ind,F,30.8,81,30.7,64,18,12,135,0.644,696,0.563,146,0.349,0.556,0.568,12.6,6.4,11.6,2.5,12,1.52,0.47,1.52,7.6,113.6,101.6
,Trae Young,Atl,G,20.56,81,30.9,64.4,28.4,17.6,414,0.829,775,0.476,482,0.324,0.48,0.538,19.1,3.7,6.3,8.1,40.5,0.86,0.19,3.8,10.7,107.5,114.2
,Cody Zeller,Cha,F-C,26.51,49,25.4,52.8,16.2,13,141,0.787,323,0.57,22,0.273,0.559,0.611,10.1,6.8,14.4,2.1,12.2,0.78,0.86,1.24,8.3,123.7,100.3
,Tyler Zeller,Atl,C,29.23,2,5.4,11.1,7.6,0,0,0,1,0,1,0,0,0,0,3,29.5,0.5,10.9,0,0,0,0,82.4,74.1
,Tyler Zeller,Mem,C,29.23,4,20.6,42.8,21.7,10,18,0.778,28,0.571,0,0,0.571,0.64,11.5,4.5,12.3,0.8,6.2,0.25,0.75,1,6.7,126.8,93.4
,Ante Zizic,Cle,C,22.27,59,18.3,38.2,18.2,13.8,132,0.705,330,0.555,0,0,0.555,0.591,7.8,5.4,16.4,0.9,7.7,0.22,0.37,1.05,7.3,116.2,108.1
,Ivica Zubac,Lal,C,22.07,33,15.6,32.6,20.5,12.9,66,0.864,193,0.58,0,0,0.58,0.633,8.5,4.9,16.3,0.8,7.3,0.15,0.82,1,8.3,120.7,97.9
,Ivica Zubac,Lac,C,22.07,26,20.1,41.9,20.1,14.8,60,0.733,186,0.538,0,0,0.538,0.574,9.4,7.7,20.3,1.5,11,0.38,0.92,1.42,9.5,114,99.1